Pittsburgh op,Pittsburgh,1946.??.??,?,"Byrne, Robert E","Berliner, Hans Jack",,,C36,"[['e4', 'e5'], ['f4', 'exf4'], ['Nf3', 'Nf6'], ['Nc3', 'd5'], ['exd5', 'Nxd5'], ['Nxd5', 'Qxd5'], ['d4', 'Be7'], ['c4', 'Qe6+\n'], ['Kf2', 'Qf6'], ['Bd3', 'c5'], ['d5', 'O-O'], ['Qc2', 'Qh6'], ['Bd2', 'f5'], ['Rae1', 'Bd6'], ['Re2', 'Nd7\n'], ['Rhe1', 'Nf6'], ['Bxf5', 'Ng4+'], ['Bxg4', 'Bxg4'], ['Kg1', 'Qh5'], ['Qd3', 'Bf5'], ['Qb3', 'b6'], ['Bc3', 'Rae8\n'], ['Be5', 'Bxe5'], ['Rxe5', 'Rxe5'], ['Rxe5', 'Re8'], ['Qc3', 'Qf7'], ['Qe1', 'Bd7'], ['Qe4', 'Rxe5'], ['Qxe5', 'Qf5\n'], ['Qb8+', 'Kf7'], ['h4', 'Ke7'], ['Kh2', 'Qf6'], ['b3', 'a6'], ['a4', 'h6'], ['a5', 'bxa5'], ['Qc7', 'Qd6\n'], ['Qxa5', 'g5'], ['Qe1+', 'Kf6'], ['Qc3+', 'Kg6'], ['Qe5', 'Qf6'], ['Qc7', 'Bf5'], ['Ne5+', 'Kh5'], ['hxg5', 'hxg5\n'], ['g4+', 'fxg3+'], ['Kxg3', 'g4'], ['Qf7+', 'Qxf7'], ['Nxf7', 'Kg6'], ['Ne5+', 'Kg7'], ['Kf4', 'Bc2'], ['Kxg4', 'Bxb3\n'], ['Kf5', 'Kf8'], ['d6', 'Ke8'], ['Ke6', '']]",1-0
Pittsburgh op,Pittsburgh,1946.??.??,?,"Kramer, Haije","Berliner, Hans Jack",,,E03,"[['d4', 'd5'], ['c4', 'dxc4'], ['Nf3', 'Nf6'], ['Qa4+', 'Nbd7'], ['g3', 'a6'], ['Qxc4', 'b5'], ['Qc2', 'Bb7'], ['Bg2', 'e6\n'], ['O-O', 'c5'], ['a4', 'Rc8'], ['axb5', 'axb5'], ['Qb3', 'Qb6'], ['Rd1', 'Bxf3'], ['Qxf3', 'cxd4'], ['Ra8', 'Rb8\n'], ['Bd2', 'Bd6'], ['Rxb8+', 'Nxb8'], ['Na3', 'O-O'], ['Qb3', 'Bxa3'], ['bxa3', 'Nc6'], ['a4', 'Na7'], ['Rb1', 'Rb8\n'], ['Bf4', 'Rc8'], ['e3', 'Ng4'], ['Bf3', 'Rc3'], ['Qa2', 'e5'], ['Bg5', 'h6'], ['Be7', 'Nf6'], ['Bb4', 'Rc8\n'], ['exd4', 'Qxd4'], ['a5', 'e4'], ['Be2', 'Nd5'], ['Be1', 'Nc3'], ['Bxc3', 'Rxc3'], ['Rd1', 'Qf6'], ['Qd5', 'Qe6\n'], ['Qa8+', 'Nc8'], ['a6', 'Rc2'], ['a7', 'Kh7'], ['Bxb5', 'Qf5'], ['Rf1', 'Nxa7'], ['Ba4', 'Rc7'], ['Re1', 'Nc8\n'], ['Qxe4', '']]",1/2-1/2
Pittsburgh op,Pittsburgh,1946.??.??,?,"Aleman Dovo, Miguel ","Berliner, Hans Jack",,,C10,"[['e4', 'e6'], ['d4', 'd5'], ['Nc3', 'Nf6'], ['Bg5', 'dxe4'], ['Nxe4', 'Nbd7'], ['Nf3', 'Be7'], ['Nxf6+', 'Nxf6'], ['Bd3', 'b6\n'], ['Qe2', 'Bb7'], ['O-O', 'O-O'], ['Rad1', 'Qd5'], ['c4', 'Qa5'], ['Ne5', 'Rad8'], ['a3', 'c5'], ['d5', 'exd5\n'], ['Ng4', 'Nxg4'], ['Bxe7', 'Rde8'], ['Qxg4', 'Rxe7'], ['Bxh7+', 'Kh8'], ['Qh4', 'Re6'], ['Bg6+', '']]",1-0
Pittsburgh op,Pittsburgh,1946.??.??,?,"Berliner, Hans Jack","Almgren, S.",,,C11,"[['e4', 'e6'], ['d4', 'd5'], ['Nc3', 'Nf6'], ['e5', 'Nfd7'], ['Nce2', 'c5'], ['c3', 'Nc6'], ['f4', 'Be7'], ['Nf3', 'O-O\n'], ['g3', 'cxd4'], ['cxd4', 'b5'], ['Bh3', 'Nb6'], ['O-O', 'a5'], ['g4', 'a4'], ['f5', 'Nc4'], ['Ng3', 'f6'], ['exf6', 'Bxf6\n'], ['g5', 'Bxd4+'], ['Nxd4', 'Qb6'], ['Ne2', 'e5'], ['Bg2', 'Qc5'], ['Kh1', 'exd4'], ['Ng3', 'Ra7'], ['Qh5', 'Ne3\n'], ['Bxe3', 'dxe3'], ['g6', 'h6'], ['Rac1', 'Qd6'], ['f6', 'Be6'], ['f7+', 'Kh8'], ['Rf6', 'Ne7'], ['Rg1', 'd4\n'], ['Be4', 'Nd5'], ['Qxh6+', 'gxh6'], ['g7+', 'Kxg7'], ['Nh5+', 'Kh8'], ['Rxh6+', '']]",1-0
Helsinki olm,Helsinki,1952.??.??,?,"Zita, Frantisek","Berliner, Hans Jack",,,E60,"[['Nf3', 'Nf6'], ['b3', 'g6'], ['Bb2', 'Bg7'], ['g3', 'O-O'], ['Bg2', 'c5'], ['c4', 'Nc6'], ['O-O', 'd6'], ['d4', 'Ne4\n'], ['Nbd2', 'f5'], ['e3', 'e6'], ['a3', 'Qe7'], ['Qc2', 'Nxd2'], ['Qxd2', 'e5'], ['dxe5', 'dxe5'], ['Rfd1', 'Rd8\n'], ['Qc2', 'Be6'], ['Ne1', 'e4'], ['Bxg7', 'Kxg7'], ['f3', 'exf3'], ['Nxf3', 'Rxd1+'], ['Rxd1', 'Rd8'], ['Rxd8', 'Qxd8\n'], ['Qc3+', 'Qf6'], ['Qxf6+', 'Kxf6'], ['Nd2', 'Na5'], ['Kf2', 'b5'], ['Bf1', 'bxc4'], ['bxc4', 'Ke5'], ['Bd3', '']]",1/2-1/2
USA-ch,New York,1954.??.??,1,"Berliner, Hans Jack","Burger, Karl",,,E85,"[['d4', 'Nf6'], ['c4', 'g6'], ['Nc3', 'Bg7'], ['e4', 'd6'], ['f3', 'O-O'], ['Be3', 'e5'], ['Nge2', 'exd4'], ['Nxd4', 'Nbd7\n'], ['Qd2', 'Re8'], ['O-O-O', 'a5'], ['Ndb5', 'b6'], ['Bg5', 'Nc5'], ['Nd5', 'Ne6'], ['e5', 'dxe5'], ['Ndxc7', 'Qxc7\n'], ['Nxc7', 'Nxc7'], ['Bh6', 'Bh8'], ['c5', 'bxc5'], ['Qd6', 'Ne6'], ['Bb5', 'Bd7'], ['Bxd7', 'Red8'], ['Qxe6', '']]",1-0
USA-ch,New York,1954.??.??,2,"Pilnick, Carl","Berliner, Hans Jack",,,B26,"[['e4', 'c5'], ['Nc3', 'Nc6'], ['g3', 'g6'], ['Bg2', 'Bg7'], ['d3', 'd6'], ['Nge2', 'e6'], ['O-O', 'Nge7'], ['Be3', 'Nd4\n'], ['Qd2', 'Qa5'], ['Bf4', 'e5'], ['Nxd4', 'cxd4'], ['Nd5', 'Qxd2'], ['Bxd2', 'Nxd5'], ['exd5', 'Bd7'], ['Bb4', 'Ke7\n'], ['f4', 'Rac8'], ['Rae1', 'f6'], ['c3', 'dxc3'], ['bxc3', 'b6'], ['c4', 'b5'], ['Rc1', 'Bf5'], ['c5', 'exf4\n'], ['c6', 'Bf8'], ['Rxf4', 'Bxd3'], ['Re1+', 'Kf7'], ['Bh3', 'f5'], ['g4', 'Bc4'], ['gxf5', 'g5'], ['Rd4', 'Bg7\n'], ['f6', 'Bxf6'], ['Be6+', 'Kg6'], ['Rdd1', 'Be5'], ['Bxc8', 'Rxc8'], ['Bxd6', 'Bc3'], ['Re7', 'Ba5'], ['Bc5', 'a6\n'], ['a3', 'Bb3'], ['Rd4', 'h6'], ['Ra7', 'Re8'], ['c7', 'Kf5'], ['d6', 'Re1+'], ['Kf2', 'Be6'], ['Rxa6', 'Bc3\n'], ['Rd3', 'Rc1'], ['d7', 'Be1+'], ['Ke3', 'Rxc5'], ['d8=Q', 'Re5+'], ['Kd4', '']]",1-0
USA-ch,New York,1954.??.??,3,"Berliner, Hans Jack","Hearst, Eliot Sanford",,,A40,"[['d4', '']]",1-0
USA-ch,New York,1954.??.??,4,"Evans, Larry Melvyn","Berliner, Hans Jack",,,C00,"[['e4', 'e6'], ['Qe2', 'c5'], ['g3', 'Nc6'], ['c3', 'd5'], ['d3', 'Nf6'], ['Nf3', 'Be7'], ['Bg2', 'O-O'], ['O-O', 'b6'], ['e5', 'Nd7\n'], ['Re1', 'Kh8'], ['Nbd2', 'f6'], ['exf6', 'Bxf6'], ['Nf1', 'Nce5'], ['Nxe5', 'Nxe5'], ['Bf4', 'Ng6'], ['Bd2', 'Qd6\n'], ['Rad1', 'Bd7'], ['h4', 'Rae8'], ['h5', 'Ne7'], ['Bf4', 'Qc6'], ['Nh2', 'Qc8'], ['Nf3', 'Nc6'], ['d4', 'cxd4\n'], ['cxd4', 'Nxd4'], ['Rxd4', 'Bxd4'], ['Nxd4', 'e5'], ['Bxe5', 'Rxe5'], ['Qxe5', 'Re8'], ['Qxd5', 'Rxe1+\n'], ['Kh2', 'Qe8']]",1/2-1/2
USA-ch,New York,1954.??.??,5,"Berliner, Hans Jack","Sherwin, James T",,,E86,"[['d4', 'Nf6'], ['c4', 'g6'], ['Nc3', 'Bg7'], ['e4', 'd6'], ['Nge2', 'O-O'], ['f3', 'e5'], ['Be3', 'c6'], ['Qd2', 'a6'], ['Rd1', 'Nbd7\n'], ['Nc1', 'Re8'], ['dxe5', 'dxe5'], ['c5', 'Nh5'], ['Bc4', 'Qe7'], ['Na4', 'Nf4'], ['O-O', 'Ne6'], ['Nb3', 'Kh8\n'], ['Qa5', 'Ndf8'], ['Nb6', 'Rb8'], ['Rd6', 'Nf4'], ['Rfd1', 'h5'], ['Qd2', 'N4e6'], ['g3', 'Kh7'], ['h4', 'Bf6\n'], ['Kg2', 'Bg7'], ['Rh1', 'Kg8'], ['Kf2', 'Bf6'], ['Kg2', 'Bg7'], ['Rd1', 'Kh7'], ['Qc1', 'Bf6'], ['a3', 'Bg7\n'], ['Qd2', 'Bf6'], ['Nc1', 'Nd4'], ['Ne2', 'Nde6'], ['b4', 'Bg7'], ['a4', 'Kh8'], ['b5', 'axb5'], ['axb5', 'f5\n'], ['exf5', 'gxf5'], ['f4', 'exf4'], ['Nxf4', 'Nxf4+'], ['Bxf4', 'Be6'], ['Re1', 'Bd5+']]",1/2-1/2
USA-ch,New York,1954.??.??,6,"Pavey, Max","Berliner, Hans Jack",,,E67,"[['c4', 'Nf6'], ['Nc3', 'g6'], ['d4', 'Bg7'], ['Nf3', 'O-O'], ['g3', 'd6'], ['Bg2', 'Nbd7'], ['O-O', 'e5'], ['Qc2', 'exd4\n'], ['Nxd4', 'Nb6'], ['Rd1', 'Nxc4'], ['Ncb5', 'd5'], ['b3', 'c6'], ['bxc4', 'cxb5'], ['cxb5', 'Bd7'], ['Bb2', 'Rc8\n'], ['Qb3', 'Qb6'], ['a4', 'Rfd8'], ['Rac1', 'Ne4'], ['Rxc8', 'Bxc8'], ['Ba1', 'h5'], ['h4', 'Bg4'], ['Qa2', 'Re8\n'], ['Bf3', 'Qc5']]",1/2-1/2
USA-ch,New York,1954.??.??,7,"Berliner, Hans Jack","Seidman, Herbert",,,D86,"[['d4', 'Nf6'], ['c4', 'g6'], ['Nc3', 'd5'], ['cxd5', 'Nxd5'], ['e4', 'Nxc3'], ['bxc3', 'Bg7'], ['Bc4', 'O-O'], ['Ne2', 'b6\n'], ['Be3', 'Ba6'], ['Bxa6', 'Nxa6'], ['h4', 'Qd7'], ['h5', 'Rfd8'], ['hxg6', 'hxg6'], ['Qc1', 'e5'], ['Bh6', 'Bf6\n'], ['f4', 'exd4'], ['e5', 'd3'], ['exf6', 'Qg4'], ['Qe3', 'Qxg2'], ['Rg1', 'Qh2'], ['O-O-O', 'dxe2'], ['Rde1', 'Nc5\n'], ['Bg7', 'Nd3+'], ['Kb1', 'Nxe1'], ['Rxg6', 'Rd1+'], ['Kb2', 'Nd3+'], ['Ka3', 'e1=Q']]",0-1
USA-ch,New York,1954.??.??,8,"Wachs, S.","Berliner, Hans Jack",,,D73,"[['d4', 'Nf6'], ['g3', 'g6'], ['Bg2', 'Bg7'], ['c4', 'O-O'], ['Nc3', 'c6'], ['Nf3', 'd5'], ['Ne5', 'Nbd7'], ['O-O', 'e6\n'], ['f4', 'dxc4'], ['Nxc4', 'Nb6'], ['Ne5', 'Qe7'], ['Be3', 'Nfd7'], ['Qb3', 'a5'], ['a3', 'a4'], ['Qc2', 'f6\n'], ['Nd3', 'Re8'], ['Rad1', 'Nd5'], ['Bc1', 'Nxc3'], ['bxc3', 'e5'], ['fxe5', 'fxe5'], ['Qa2+', 'Kh8'], ['Rf7', 'Qe6\n'], ['Qxe6', 'Rxe6'], ['dxe5', 'Re8'], ['Bf4', 'Kg8'], ['e6', 'Nf8'], ['Be5', 'Nxe6'], ['Rf2', 'Bf8'], ['Nb4', 'Bc5\n'], ['Bd4', 'Nxd4'], ['cxd4', 'Bxb4'], ['axb4', 'Bg4'], ['Kf1', 'Re3'], ['h3', 'Be6'], ['Rf3', 'Rxf3+'], ['Bxf3', 'Bxh3+\n'], ['Kf2', 'Be6'], ['e4', 'Bb3'], ['Ra1', 'a3'], ['Ke3', 'a2'], ['Kd3', 'Ra3'], ['Kd2', 'Bc4'], ['Bg4', 'Rxg3\n'], ['Bc8', 'b5'], ['Bd7', 'Rd3+'], ['Kc2', 'Rxd4'], ['Bxc6', 'Rd6'], ['Bb7', 'Rb6'], ['Ba8', 'Rb8']]",0-1
USA-ch,New York,1954.??.??,9,"Berliner, Hans Jack","Bernstein, Sidney Norman",,,D35,"[['d4', 'Nf6'], ['c4', 'e6'], ['Nc3', 'd5'], ['cxd5', 'exd5'], ['Bg5', 'Be7'], ['e3', 'O-O'], ['Bd3', 'Nbd7'], ['Rc1', 'Re8\n'], ['Nge2', 'Nf8'], ['O-O', 'c6'], ['f3', 'Ng6'], ['Bb1', 'b6'], ['Nf4', 'Nxf4'], ['Bxf4', 'Bd6'], ['Bxd6', 'Qxd6\n'], ['e4', 'dxe4'], ['Nxe4', 'Nxe4'], ['Bxe4', 'Bd7'], ['Qd3', 'f5'], ['Bxf5', 'Bxf5'], ['Qxf5', 'Qxd4+\n'], ['Kh1', 'Qxb2'], ['Rxc6', 'Qxa2'], ['Rc7', 'Qe6'], ['Qg5', 'Qe5'], ['Qxe5', 'Rxe5'], ['h4', '']]",0-1
USA-ch,New York,1954.??.??,10,"Brandts, Paul","Berliner, Hans Jack",,,E68,"[['d4', 'Nf6'], ['Nf3', 'g6'], ['c4', 'Bg7'], ['Nc3', 'O-O'], ['g3', 'd6'], ['Bg2', 'Nbd7'], ['O-O', 'e5'], ['e4', 'c6\n'], ['Qc2', 'Re8'], ['d5', 'a5'], ['h3', 'Qc7'], ['Be3', 'cxd5'], ['cxd5', 'b5'], ['Rfc1', 'Ba6'], ['Qb1', 'Qb7\n'], ['b4', 'a4'], ['Bf1', 'Rec8'], ['Qd3', 'Rc4'], ['a3', 'Rac8'], ['Nd2', 'R4c7'], ['Na2', 'Nb6'], ['Rxc7', 'Rxc7\n'], ['Rc1', 'Ne8'], ['Rxc7', 'Nxc7'], ['Qc2', 'Nc8'], ['Nc3', 'Bf6'], ['Bd3', 'Kg7'], ['Qd1', 'Ne7'], ['Qg4', 'Ne8\n'], ['Qe2', 'Nc7'], ['h4', 'Kf8'], ['Nf3', 'Bg7'], ['Ng5', 'h6'], ['Nf3', 'Kg8'], ['Nh2', 'Kh7'], ['Qf3', 'f6\n'], ['g4', 'Kg8'], ['g5', 'fxg5'], ['Ng4', 'gxh4'], ['Bxh6', 'Bxh6'], ['Nxh6+', 'Kg7'], ['Qf7+', 'Kxh6'], ['Qxe7', 'Qc8\n'], ['Qxh4+', 'Kg7'], ['Qe7+', 'Kh6'], ['Qxd6', 'Qg4+'], ['Kf1', 'Qf3'], ['Qxc7', 'Qxd3+'], ['Kg2', 'Qd4\n'], ['Qc5', 'Qd2'], ['Qf8+', 'Kg5'], ['Qe7+', 'Kg4'], ['Qe6+', 'Kg5'], ['Qxe5+', 'Kh6'], ['Qg3', 'Qb2'], ['Qe3+', 'g5\n'], ['Ne2', 'Bc8'], ['Qb6+', 'Kh7'], ['Qc7+', 'Kh6'], ['Qxc8', 'Qxe2'], ['Qe6+', 'Kh7'], ['d6', 'g4'], ['Qf5+', 'Kg7\n'], ['d7', 'Qd1'], ['Qg5+', 'Kh7'], ['Qh4+', '']]",1-0
USA-ch,New York,1954.??.??,11,"Berliner, Hans Jack","Bisguier, Arthur Bernard",,,E27,"[['d4', 'Nf6'], ['c4', 'e6'], ['Nc3', 'Bb4'], ['a3', 'Bxc3+'], ['bxc3', 'O-O'], ['f3', 'Ne8'], ['e4', 'b6'], ['Bd3', 'Ba6\n'], ['a4', 'Nc6'], ['Ba3', 'd6'], ['Nh3', 'Na5'], ['c5', 'Bxd3'], ['Qxd3', 'dxc5'], ['Nf2', 'Nd6'], ['dxc5', 'Ndc4\n'], ['cxb6', 'Qxd3'], ['Nxd3', 'Nxa3'], ['Rxa3', 'axb6'], ['Ke2', 'Nc4'], ['Raa1', 'Rfd8'], ['Rhd1', 'Kf8\n'], ['Rdb1', 'Rd6'], ['Rb4', 'Rc6'], ['Ne1', 'Rd8'], ['Rd1', 'Rxd1'], ['Kxd1', 'Ke7'], ['Nc2', 'Na5'], ['Kd2', 'Rd6+\n'], ['Ke2', 'c5'], ['Rb1', 'Nc4'], ['Ne3', 'Rd2+'], ['Ke1', 'Rb2'], ['Rxb2', 'Nxb2'], ['Kd2', 'Nxa4'], ['c4', 'Kd6\n'], ['Kc2', 'Kc6'], ['Kb3', 'b5'], ['cxb5+', 'Kxb5'], ['Nc4', 'f6']]",1/2-1/2
USA-ch,New York,1954.??.??,12,"Berliner, Hans Jack","Mengarini, Ariel",,,E25,"[['d4', 'Nf6'], ['c4', 'e6'], ['Nc3', 'Bb4'], ['a3', 'Bxc3+'], ['bxc3', 'c5'], ['f3', 'd5'], ['cxd5', 'Nxd5'], ['Qd3', 'cxd4\n'], ['cxd4', 'b6'], ['e4', 'Ba6'], ['Qc2', 'Bxf1'], ['Kxf1', 'Ne7'], ['Be3', 'O-O'], ['g3', 'Nbc6'], ['Ne2', 'Rc8\n'], ['Qa2', 'Rc7'], ['Kg2', 'Qc8'], ['Rac1', 'Qa6'], ['Rc2', 'Rd7'], ['Rhc1', 'b5'], ['Bf2', 'Rfd8'], ['Qb2', 'Na5\n'], ['Rc5', 'Rb7'], ['Rc7', 'Rxc7'], ['Rxc7', 'Nac6'], ['d5', 'exd5'], ['Bc5', 'Re8'], ['Nd4', 'dxe4'], ['fxe4', 'Nxd4\n'], ['Qxd4', 'Qe6'], ['Bxa7', 'f5'], ['Bc5', 'fxe4'], ['Qd7', 'Qxd7'], ['Rxd7', 'Nc6'], ['Rc7', 'Ne5'], ['Bd4', 'g6\n'], ['Rb7', 'Nc4'], ['Rxb5', 'Nxa3'], ['Rb7', 'Nc2'], ['Bc3', 'Ne3+'], ['Kg1', 'Nf5'], ['g4', 'Nh4'], ['Rg7+', 'Kf8\n'], ['Rxh7', 'Nf3+'], ['Kf2', 'Ng5'], ['Rh8+', 'Kf7'], ['Rxe8', 'Kxe8'], ['Ke3', 'Kf7'], ['Be5', 'Ke6'], ['Bf4', 'Kf6\n'], ['Bg3', 'Nh3'], ['Kxe4', 'Kg5'], ['Kf3', 'Ng1+'], ['Kg2', 'Ne2'], ['h3', 'Nf4+'], ['Bxf4+', 'Kxf4'], ['Kf2', 'g5\n'], ['Kg2', 'Ke5'], ['Kf3', 'Kf6'], ['Kf2', 'Ke6'], ['Ke2', 'Kf7'], ['Kd3', 'Ke7'], ['Ke3', 'Kd7'], ['Kf3', 'Ke7']]",1/2-1/2
USA-ch,New York,1954.??.??,13,"Rossolimo, Nicolas","Berliner, Hans Jack",,,C08,"[['e4', 'e6'], ['d4', 'd5'], ['Nd2', 'c5'], ['exd5', 'exd5'], ['Ngf3', 'Nf6'], ['Be2', 'Nbd7'], ['O-O', 'Be7'], ['b3', 'O-O\n'], ['Bb2', 'Re8'], ['c4', 'b6'], ['Qc2', 'Bb7'], ['Rad1', 'Rc8'], ['Qb1', 'Qc7'], ['Bd3', 'Qf4'], ['g3', 'Qh6\n'], ['cxd5', 'Nxd5'], ['Ne5', 'cxd4'], ['Nxd7', 'Qh3'], ['Be4', 'f5'], ['Qd3', 'fxe4'], ['Qxd4', 'Nf6'], ['Nc4', 'e3\n'], ['Nxe3', 'Red8']]",0-1
CAN-op,Montreal,1956.??.??,?,"Berliner, Hans Jack",Rott,,,D06,"[['d4', 'd5'], ['c4', 'Nf6'], ['cxd5', 'Nxd5'], ['e4', 'Nb6'], ['Nc3', 'Nc6'], ['Nf3', 'Bg4'], ['d5', 'Ne5'], ['Nxe5', 'Bxd1\n'], ['Bb5+', 'c6'], ['dxc6', 'Qb8'], ['c7+', 'Nd7'], ['Bxd7+', '']]",1-0
CAN-op,Montreal,1956.??.??,?,"Bakos, Eduard","Berliner, Hans Jack",,,A77,"[['d4', 'Nf6'], ['c4', 'c5'], ['d5', 'e6'], ['Nc3', 'exd5'], ['cxd5', 'd6'], ['e4', 'a6'], ['a4', 'g6'], ['Nf3', 'Bg7'], ['Be2', 'O-O\n'], ['O-O', 'Re8'], ['Qc2', 'Nbd7'], ['Nd2', 'Ne5'], ['h3', 'g5'], ['Nc4', 'g4'], ['Nxe5', 'Rxe5'], ['h4', 'Nh5\n'], ['g3', 'Re8'], ['Bd3', 'Qe7'], ['Be3', 'Bd7'], ['a5', 'Rac8'], ['b3', 'Qe5'], ['Ne2', 'Bb5'], ['Bxb5', 'axb5\n'], ['a6', 'Ra8'], ['a7', 'Qxe4'], ['Qxe4', 'Rxe4'], ['Ra5', 'Rb4'], ['Rb1', 'c4'], ['Bd2', 'Rxb3'], ['Rxb3', 'cxb3\n'], ['Rxb5', 'Rxa7'], ['Rxb3', 'Ra2'], ['Rd3', 'Nf6'], ['Nd4', 'Nd7'], ['Bf4', 'Nc5'], ['Rd1', 'Ne4'], ['Re1', 'Bxd4\n'], ['Rxe4', 'Bxf2+'], ['Kf1', 'h5'], ['Bxd6', 'Ba7'], ['Bf4', 'Kg7'], ['d6', 'Ra5'], ['Rb4', 'Rd5'], ['Rxb7', 'Bc5\n'], ['Rb5', 'Kf6'], ['d7', 'Ke7'], ['Be3', 'Kxd7'], ['Rxc5', 'Rd3'], ['Ke2', 'Ra3'], ['Rxh5', 'Ke6'], ['Rb5', 'Ra2+\n'], ['Kd3', 'Ra3+'], ['Ke4', 'Ra4+'], ['Bd4', 'Ra3'], ['Re5+', 'Kd7'], ['Be3', 'f6'], ['Rb5', 'Ke6'], ['Rb6+', 'Kf7\n'], ['Kf4', 'Kg6'], ['Bd4', 'Kh5'], ['Rb5+', 'Kg6'], ['Kxg4', 'Ra4'], ['Rd5', 'f5+'], ['Kf4', 'Rb4'], ['Rd6+', 'Kh5\n'], ['Kxf5', 'Rb3'], ['Be5', 'Rxg3'], ['Bf4', '']]",1-0
CAN-op,Montreal,1956.??.??,?,"Matthai, H.","Berliner, Hans Jack",,,B04,"[['e4', 'Nf6'], ['e5', 'Nd5'], ['d4', 'd6'], ['Nf3', 'g6'], ['Bc4', 'Nb6'], ['Bb3', 'Bg7'], ['Ng5', 'd5'], ['h4', 'f6'], ['exf6', 'Bxf6\n'], ['h5', 'Nc6'], ['Be3', 'e5'], ['hxg6', 'hxg6'], ['Rxh8+', 'Bxh8'], ['dxe5', 'Nxe5'], ['Nd2', 'Qe7'], ['Qe2', 'Bf5\n'], ['Bxb6', 'axb6'], ['f4', 'O-O-O'], ['fxe5', 'Qxg5'], ['Nf3', 'Qg3+'], ['Qf2', 'Bxe5'], ['Qxg3', 'Bxg3+\n'], ['Kf1', 'c6'], ['Rd1', 'b5'], ['c3', 'Rf8'], ['Ke2', 'Re8+'], ['Kf1', 'g5'], ['Nxg5', 'Bd3+'], ['Kg1', 'Re2\n'], ['a4', 'Bg6'], ['Rf1', 'Rxb2'], ['Bd1', 'bxa4'], ['Bxa4', 'b5'], ['Bd1', 'Be5'], ['Bg4+', 'Kb7'], ['Rf3', 'Rc2\n'], ['Rf8', 'Rxc3'], ['Bc8+', 'Kb6'], ['Ne6', 'Bg3'], ['Rf1', 'Bd3'], ['Ra1', 'b4'], ['Nd4', 'b3'], ['Nf5', 'b2']]",0-1
CAN-op,Montreal,1956.??.??,?,"Richardson, Keith B","Berliner, Hans Jack",,,B04,"[['e4', 'Nf6'], ['e5', 'Nd5'], ['d4', 'd6'], ['Nf3', 'g6'], ['c4', 'Nb6'], ['Bf4', 'Bg7'], ['Be2', 'O-O'], ['O-O', 'Nc6\n'], ['Nc3', 'dxe5'], ['Bxe5', 'Nxe5'], ['Nxe5', 'c5'], ['dxc5', 'Bxe5'], ['cxb6', 'Qxb6'], ['Na4', 'Qc7'], ['h3', 'Rd8\n'], ['Qb3', 'Rd2'], ['Rfe1', 'Be6'], ['Rac1', 'Rad8'], ['Bf3', 'Bd4'], ['Re2', 'Rxe2'], ['Bxe2', 'Bxf2+']]",0-1
CAN-op,Montreal,1956.??.??,?,"Sherwin, James T","Berliner, Hans Jack",,,A61,"[['d4', 'Nf6'], ['c4', 'c5'], ['d5', 'e6'], ['Nc3', 'exd5'], ['cxd5', 'd6'], ['Nf3', 'g6'], ['Nd2', 'a6'], ['a4', 'Bg7\n'], ['Nc4', 'O-O'], ['Bf4', 'Ne8'], ['e3', 'f5'], ['h4', 'Nd7'], ['Nxd6', 'Nxd6'], ['Bxd6', 'Bxc3+'], ['bxc3', 'Qf6\n'], ['Bxf8', 'Qxc3+'], ['Ke2', 'Qb2+'], ['Ke1', 'Qc3+'], ['Ke2', 'Qb2+'], ['Ke1', '']]",1/2-1/2
CAN-op,Montreal,1956.??.??,?,"Berliner, Hans Jack","Anderson, Frank Ross",,,E25,"[['d4', 'Nf6'], ['c4', 'e6'], ['Nc3', 'Bb4'], ['a3', 'Bxc3+'], ['bxc3', 'c5'], ['f3', 'd5'], ['cxd5', 'Nxd5'], ['Qd3', 'cxd4\n'], ['cxd4', 'b6'], ['e4', 'Ba6'], ['Qb3', 'Bxf1'], ['Kxf1', 'Ne7'], ['Ne2', 'Nbc6'], ['Be3', 'O-O'], ['Kf2', 'Na5\n'], ['Qa2', 'Qd7'], ['Rhe1', 'Rac8'], ['Rac1', 'Qa4'], ['d5', 'exd5'], ['exd5', 'Nf5'], ['Bf4', 'Qd7'], ['d6', 'Nb7\n'], ['Qd5', 'Rxc1'], ['Rxc1', 'Nfxd6'], ['Nd4', 'h6'], ['Rd1', 'Qa4'], ['Rd3', 'Qc4'], ['Nc6', 'Qxf4'], ['Rd4', 'Qf6\n'], ['Ne5', 'Rc8']]",0-1
CAN-op,Montreal,1956.??.??,?,"Lombardy, William James","Berliner, Hans Jack",,,D36,"[['d4', 'Nf6'], ['c4', 'e6'], ['Nc3', 'd5'], ['cxd5', 'exd5'], ['Bg5', 'Be7'], ['Qc2', 'c6'], ['e3', 'h6'], ['Bh4', 'O-O\n'], ['Bd3', 'Re8'], ['Nf3', 'Ne4'], ['Bxe7', 'Qxe7'], ['O-O', 'Nd7'], ['Rab1', 'Nf8'], ['b4', 'a6'], ['a4', 'Bf5\n'], ['Ne5', 'Ng6'], ['Bxe4', 'Bxe4'], ['Nxe4', 'Nxe5'], ['Nd2', 'Ng4'], ['h3', 'Nf6'], ['b5', 'axb5'], ['axb5', 'Rac8\n'], ['bxc6', 'bxc6'], ['Rfc1', 'Nd7'], ['Rb7', 'c5'], ['Qf5', 'Red8'], ['Rxc5', 'Rxc5'], ['dxc5', 'g6'], ['Qf4', 'Qxc5\n'], ['Nb3', 'Qf8'], ['Nd4', 'Nc5'], ['Ra7', 'Ne6'], ['Qf6', 'Rd6'], ['Qf3', 'Rb6'], ['Ra1', 'Qb8'], ['Qd1', 'Nc5\n'], ['Nf3', 'Ne4']]",1/2-1/2
USA-ch,New York,1957.??.??,1,"Kramer, George Mortimer","Berliner, Hans Jack",,,B33,"[['e4', 'c5'], ['Nf3', 'Nc6'], ['d4', 'cxd4'], ['Nxd4', 'Nf6'], ['Nc3', 'e5'], ['Nb3', 'Bb4'], ['Bg5', 'h6'], ['Bxf6', 'Bxc3+\n'], ['bxc3', 'Qxf6'], ['Bc4', 'O-O'], ['O-O', 'd6'], ['Qd3', 'Ne7'], ['Rad1', 'Rd8'], ['f3', 'Ng6'], ['Kh1', 'b6\n'], ['Qe3', 'Bb7'], ['Bd5', 'Qe7'], ['g3', 'Rac8'], ['Bxb7', 'Qxb7'], ['Rd3', 'Rc4'], ['Rfd1', 'Qc7'], ['Nd2', 'Ra4\n'], ['Ra1', 'Nf8'], ['f4', 'Ne6'], ['f5', 'Nc5'], ['Rd5', 'Nd7'], ['c4', 'Nf6'], ['Rd3', 'Rc8'], ['a3', 'b5'], ['cxb5', 'Qxc2\n'], ['h3', 'Qc5'], ['Qf3', 'Qxb5'], ['Rxd6', 'Qb2'], ['Rg1', 'Rxa3'], ['Qd1', 'Qb4'], ['Rg2', 'Qxd6']]",0-1
USA-ch,New York,1957.??.??,2,"Berliner, Hans Jack","Mednis, Edmar John",,,E81,"[['d4', 'Nf6'], ['c4', 'g6'], ['Nc3', 'Bg7'], ['e4', 'd6'], ['f3', 'O-O'], ['Be3', 'c6'], ['Nge2', 'a6'], ['Qd2', 'b5'], ['cxb5', 'axb5\n'], ['Nc1', 'Nbd7'], ['Be2', 'e5'], ['O-O', 'exd4'], ['Bxd4', 'Re8'], ['Bf2', 'b4'], ['Nd1', 'd5'], ['exd5', 'Nxd5\n'], ['Re1', 'N7b6'], ['Nd3', 'Nc4'], ['Qc1', 'Na5'], ['Nc5', 'Bf5']]",1/2-1/2
USA-ch,New York,1957.??.??,3,"Lombardy, William James","Berliner, Hans Jack",,,E70,"[['d4', 'Nf6'], ['c4', 'g6'], ['Nc3', 'Bg7'], ['e4', 'd6'], ['Bg5', 'h6'], ['Bh4', 'Nc6'], ['d5', 'Ne5'], ['f4', 'Neg4\n'], ['Qd2', 'g5'], ['fxg5', 'hxg5'], ['Bxg5', 'Nxh2'], ['O-O-O', 'Nxf1'], ['Rxh8+', 'Bxh8'], ['Rxf1', 'Bg4\n'], ['Nf3', 'Bxf3'], ['gxf3', 'Qd7'], ['Qe3', 'Qh3'], ['Rf2', 'Nd7'], ['Kc2', 'Ne5'], ['Qe2', 'Kd7'], ['c5', 'a6\n'], ['f4', 'Ng4'], ['Rf3', 'Qh2'], ['Qxh2', 'Nxh2'], ['Rh3', 'Ng4'], ['cxd6', 'cxd6'], ['Rh7', 'Nf6']]",1/2-1/2
USA-ch,New York,1957.??.??,4,"Berliner, Hans Jack","Di Camillo, Attilio",,,E94,"[['d4', 'Nf6'], ['c4', 'd6'], ['Nc3', 'e5'], ['Nf3', 'Nbd7'], ['e4', 'g6'], ['Be2', 'Bg7'], ['O-O', 'O-O'], ['Qc2', 'Re8\n'], ['Rd1', 'exd4'], ['Nxd4', 'Nc5'], ['f3', 'Bd7'], ['Bg5', 'h6'], ['Bh4', 'g5'], ['Bf2', 'a5'], ['Rd2', 'Qe7\n'], ['Ndb5', 'Bxb5'], ['Nxb5', 'Ne6'], ['Rad1', 'Nd7'], ['b3', 'Qf6'], ['Nxc7', 'Bf8'], ['Nxa8', 'Rxa8'], ['Rxd6', 'Bxd6\n'], ['Rxd6', 'Ne5'], ['Qd1', 'Nc6'], ['a4', 'Rd8'], ['Rxd8+', 'Nexd8'], ['c5', 'Ne6'], ['Bc4', 'Nf4'], ['Be3', 'Qb2\n'], ['Qd2', 'Qa1+'], ['Qc1', 'Qe5'], ['g3', 'Nh3+'], ['Kg2', 'g4'], ['fxg4', 'Ng5'], ['Bxg5', 'hxg5'], ['Bd5', 'Kg7\n'], ['h4', 'f6'], ['Bxc6', 'bxc6'], ['Kf3', 'gxh4'], ['gxh4', 'Qh2'], ['Qe1', 'Qh3+'], ['Kf4', 'Qh2+'], ['Ke3', 'Qh3+\n'], ['Kf4', 'Qh2+'], ['Kf3', 'Qh3+'], ['Qg3', 'Qf1+'], ['Qf2', 'Qh3+'], ['Kf4', 'Qc3'], ['h5', 'Qxb3'], ['Qd2', 'Qc4\n'], ['Qd7+', 'Kh6'], ['Qxc6', 'Qf1+'], ['Ke3', 'Qc1+'], ['Kd4', 'Qd2+'], ['Kc4', 'Qb2'], ['Qe8', 'Qb4+'], ['Kd5', 'Qb3+\n'], ['Kd6', 'Qd3+'], ['Kc7', 'Qg3+'], ['e5', 'Qxg4'], ['Qh8+', '']]",1-0
USA-ch,New York,1957.??.??,5,"Denker, Arnold S","Berliner, Hans Jack",,,A46,"[['d4', 'Nf6'], ['Nf3', 'c5'], ['e3', 'cxd4'], ['exd4', 'g6'], ['Bd3', 'Bg7'], ['Nbd2', 'O-O'], ['O-O', 'Nc6'], ['c3', 'd6\n'], ['Ne4', 'Nd5'], ['Qe2', 'e5'], ['dxe5', 'dxe5'], ['Bc4', 'Nb6'], ['Bg5', 'Qc7'], ['Bb3', 'Na5'], ['Nf6+', 'Bxf6\n'], ['Bxf6', 'Nxb3'], ['axb3', 'Re8'], ['Bxe5', 'Qc6'], ['Qd2', 'Bg4'], ['Qh6', 'f6'], ['Nd4', 'Qd7'], ['Bxf6', 'Nd5\n'], ['Qg5', 'Rf8'], ['Be5', 'a6'], ['Rae1', 'Rae8'], ['f3', 'Bf5'], ['Nxf5', 'Rxf5'], ['Qg3', 'Qb5'], ['Bd4', 'Rxe1\n'], ['Rxe1', 'Nf4'], ['Qh4', 'Ne2+'], ['Kf2', 'Rf4'], ['Qh6', 'Rxd4'], ['cxd4', 'Nxd4'], ['Re7', '']]",1-0
USA-ch,New York,1957.??.??,6,"Berliner, Hans Jack","Fischer, Robert James",,,E89,"[['d4', 'Nf6'], ['c4', 'g6'], ['Nc3', 'Bg7'], ['e4', 'd6'], ['f3', 'e5'], ['Nge2', 'O-O'], ['Be3', 'c6'], ['d5', 'cxd5\n'], ['cxd5', 'Ne8'], ['Qd2', 'f5'], ['O-O-O', 'Nd7'], ['Kb1', 'Nef6'], ['Nc1', 'fxe4'], ['fxe4', 'Ng4'], ['Bg1', 'Bh6\n'], ['Qe1', 'Nc5'], ['Nd3', 'Nxd3'], ['Bxd3', 'Bd7'], ['Bb5', 'Bxb5'], ['Nxb5', 'a6'], ['Na3', 'Rc8'], ['h3', 'Nf6\n'], ['Be3', 'Bxe3'], ['Qxe3', 'Qa5'], ['Rhe1', 'b5'], ['Rc1', 'Qa4'], ['Nc2', 'Rf7'], ['a3', 'Rfc7'], ['Nb4', 'Rxc1+\n'], ['Rxc1', 'Rxc1+'], ['Qxc1', 'a5'], ['Qc8+', 'Kg7'], ['Qc7+', 'Kh6'], ['Qc1+', 'g5'], ['h4', 'Nxe4'], ['Nc6', 'b4\n'], ['Qe1', 'bxa3'], ['hxg5+', 'Kg7'], ['Nxa5', 'a2+'], ['Ka1', 'Nc5'], ['b4', 'Nb3+'], ['Nxb3', 'Qxb3'], ['Qe4', 'Kg8\n'], ['g6', 'h6'], ['Qf5', 'Qxd5'], ['Qd7', 'Kf8'], ['b5', 'Qd1+'], ['Kxa2', 'Qa4+'], ['Kb2', 'Qb4+'], ['Kc2', 'Qc5+\n'], ['Kb3', 'Qd5+'], ['Ka3', 'e4'], ['Qh7', 'Qd3+'], ['Ka4', 'Qd4+'], ['Ka5', 'Qa1+'], ['Kb6', 'Qf6'], ['Kc7', 'Qg7+']]",1/2-1/2
USA-ch,New York,1957.??.??,7,"Feuerstein, Arthur William","Berliner, Hans Jack",,,E94,"[['d4', 'Nf6'], ['c4', 'd6'], ['Nc3', 'g6'], ['e4', 'Bg7'], ['Be2', 'O-O'], ['Nf3', 'e5'], ['O-O', 'c6'], ['Qc2', 'Nbd7\n'], ['Rd1', 'Re8'], ['Rb1', 'Qc7'], ['b4', 'Nf8'], ['h3', 'Ne6'], ['Be3', 'h6'], ['Bf1', 'g5'], ['d5', 'Nf4'], ['dxc6', 'bxc6\n'], ['b5', 'Bb7'], ['Qd2', 'c5'], ['Qxd6', 'Qxd6'], ['Rxd6', 'Nxe4'], ['Nxe4', 'Bxe4'], ['Rb3', 'Ne6'], ['Nd2', 'Bb7\n'], ['Ra3', 'Re7'], ['Bd3', 'Nd4'], ['Ne4', 'Rc8'], ['g4', 'Bf8'], ['Nf6+', 'Kg7'], ['Be4', 'Bxe4'], ['Nxe4', 'Ne6\n'], ['Rd5', 'f6'], ['Nd6', 'Rcc7'], ['Nf5+', 'Kf7'], ['Nxe7', 'Rxe7'], ['Ra6', 'Nd4'], ['a4', 'Rb7'], ['Bxd4', 'cxd4\n'], ['c5', 'Rc7'], ['Rc6', 'Rxc6'], ['bxc6', 'Ke6'], ['c7', 'Kxd5'], ['c8=Q', 'Bxc5'], ['Qg8+', 'Ke4'], ['Qc4', 'Bb6\n'], ['Kf1', '']]",1-0
USA-ch,New York,1957.??.??,8,"Berliner, Hans Jack","Seidman, Herbert",,,E30,"[['d4', 'Nf6'], ['c4', 'e6'], ['Nc3', 'Bb4'], ['Bg5', 'h6'], ['Bh4', 'g5'], ['Bg3', 'Ne4'], ['Qc2', 'd5'], ['e3', 'Nd7\n'], ['cxd5', 'exd5'], ['Bd3', 'Nxg3'], ['hxg3', 'Nb6'], ['Nf3', 'Be6'], ['Bf5', 'Bxc3+'], ['bxc3', 'Qf6'], ['Bxe6', 'fxe6\n'], ['Ne5', 'O-O-O'], ['Qg6', 'Qxg6'], ['Nxg6', 'Rh7'], ['Rh5', 'Nd7'], ['f3', 'Nf6'], ['Rh2', 'Rg7'], ['Ne5', 'h5\n'], ['Ke2', 'Rd6'], ['Kd3', 'b5'], ['a4', 'Ra6'], ['Rhh1', 'bxa4'], ['Ra3', 'g4'], ['Rha1', 'gxf3'], ['gxf3', 'Rxg3\n'], ['Rxa4', 'Rxa4'], ['Rxa4', 'Nd7'], ['Nxd7', 'Kxd7'], ['Rxa7', 'Rxf3'], ['Ra8', 'Rf1'], ['Rh8', 'Rh1\n'], ['Rh7+', 'Kd6'], ['Ke2', 'h4'], ['Kf3', 'h3'], ['Kg3', 'Rg1+'], ['Kf3', 'Rh1'], ['Kg3', 'Rc1'], ['Rxh3', 'Rxc3\n'], ['Kf3', 'Ra3'], ['Rh6', 'Ra8'], ['Ke2', 'Rg8'], ['Kd3', 'Rg5'], ['Kd2', 'Kd7'], ['Rh7+', 'Kc8'], ['Kd3', 'Rg4\n'], ['Re7', 'Re4'], ['Rh7', 'Kb7'], ['Rh8', 'Kb6'], ['Rb8+', 'Kc6'], ['Rh8', 'Rg4'], ['Rh6', 'Kd6'], ['Kd2', 'Rg2+\n'], ['Kd3', 'Rf2'], ['Kc3', 'Ke7'], ['Rh7+', 'Rf7'], ['Rh6', 'Rf6'], ['Rh7+', 'Kd6'], ['Rh5', 'Rg6'], ['Kd3', 'Kc6\n'], ['Rh8', 'Kb7'], ['Kc3', 'c6'], ['Kd3', 'Kb6'], ['Rb8+', 'Kc7'], ['Rh8', 'Rg4'], ['Kd2', 'Rg7'], ['Kd3', 'Re7\n'], ['e4', 'Rg7'], ['exd5', 'Rg3+'], ['Kd2', 'exd5'], ['Rh6', 'Kb6'], ['Rf6', 'Kb5'], ['Rd6', 'Ra3'], ['Rh6', 'Ra6\n'], ['Kc3', 'Ra3+'], ['Kd2', 'Rg3'], ['Rd6', 'Rh3'], ['Rg6', 'Kc4'], ['Rxc6+', 'Kxd4'], ['Rg6', 'Rh2+'], ['Kd1', 'Kc4\n'], ['Rg4+', 'd4'], ['Rg3', '']]",1/2-1/2
USA-ch,New York,1957.??.??,9,"Reshevsky, Samuel Herman","Berliner, Hans Jack",,,D48,"[['d4', 'd5'], ['c4', 'dxc4'], ['Nf3', 'Nf6'], ['e3', 'e6'], ['Bxc4', 'a6'], ['O-O', 'c5'], ['Nc3', 'b5'], ['Bd3', 'Nbd7\n'], ['a4', 'b4'], ['Ne4', 'Bb7'], ['Ned2', 'Be7'], ['a5', 'O-O'], ['Nc4', 'Rc8'], ['Qe2', 'Qc7'], ['Nfe5', 'cxd4\n'], ['exd4', 'Nxe5'], ['Nxe5', 'Qd6'], ['Rd1', 'g6'], ['Be3', 'Nd5'], ['Bh6', 'Rfe8'], ['Be4', 'f5'], ['Bf3', 'Bf6\n'], ['Nc4', 'Qd8'], ['Nb6', 'Rc7'], ['h3', 'Nxb6'], ['axb6', 'Rd7'], ['Bxb7', 'Rxb7'], ['Rxa6', 'Rxb6'], ['Rxb6', 'Qxb6\n'], ['d5', 'Rd8'], ['Ra1', 'Qd6'], ['dxe6', 'Re8'], ['Re1', 'Qd5'], ['Qc2', 'g5'], ['Qc7', 'Rxe6'], ['Qc8+', 'Kf7\n'], ['Qf8+', 'Kg6'], ['Qg8+', 'Kxh6'], ['Qxe6', 'Qd4'], ['b3', 'f4'], ['Qf7', '']]",1-0
USA-ch,New York,1957.??.??,10,"Berliner, Hans Jack","Bernstein, Sidney Norman",,,D50,"[['d4', 'Nf6'], ['c4', 'e6'], ['Nc3', 'Bb4'], ['Bg5', 'd5'], ['cxd5', 'Qxd5'], ['Bxf6', 'gxf6'], ['Qa4+', 'Nc6'], ['Qxb4', 'Nxb4\n'], ['Nxd5', 'Nxd5'], ['Rc1', 'Bd7'], ['Nf3', 'O-O-O'], ['g3', 'Bc6'], ['Bg2', 'Rhg8'], ['O-O', 'Rg4'], ['e3', 'h5\n'], ['a3', 'Rdg8'], ['Rc5', 'Rh8'], ['Rfc1', 'Kb8'], ['Ne1', 'Rg7'], ['h4', 'f5'], ['Nd3', 'f6'], ['b4', 'a6\n'], ['Rxc6', 'bxc6'], ['Rxc6', 'Nb6'], ['Rxe6', 'f4'], ['Nxf4', 'Rd7'], ['Rxf6', 'Rd6'], ['Rf5', 'Nc4'], ['Rxh5', 'Rxh5\n'], ['Nxh5', 'Nxa3'], ['Nf4', 'Nc2'], ['Nd3', 'Rb6'], ['h5', 'Nxb4'], ['Nxb4', 'Rxb4'], ['h6', 'Rb6'], ['h7', 'Rh6\n'], ['Be4', 'a5'], ['g4', 'a4'], ['g5', 'Rh4'], ['g6', '']]",1-0
USA-ch,New York,1957.??.??,11,"Bisguier, Arthur Bernard","Berliner, Hans Jack",,,A48,"[['d4', 'Nf6'], ['Nf3', 'g6'], ['Bf4', 'Bg7'], ['Nbd2', 'O-O'], ['e4', 'd6'], ['c3', 'Nc6'], ['Bc4', 'e5'], ['dxe5', 'dxe5\n'], ['Nxe5', 'Nxe5'], ['Bxe5', 'Nxe4'], ['Bxg7', 'Re8'], ['Be2', 'Kxg7'], ['Nxe4', 'Qxd1+'], ['Rxd1', 'Rxe4\n'], ['Rd8', 'Rxe2+'], ['Kxe2', 'Bg4+'], ['f3', 'Bxf3+'], ['Kxf3', 'Rxd8'], ['Ke3', 'f5'], ['Rf1', 'Kf6'], ['Rf4', 'Ke5\n'], ['Rc4', 'c6'], ['a4', 'g5'], ['g3', 'Rd5'], ['Rb4', 'b6'], ['Rc4', 'c5'], ['b4', 'a6'], ['h4', 'b5'], ['axb5', 'axb5\n'], ['Rxc5', 'Rxc5'], ['bxc5', 'gxh4'], ['gxh4', 'Kd5'], ['c6', 'Kxc6'], ['Kd4', 'Kd6'], ['h5', 'h6'], ['Ke3', 'Ke5\n'], ['Kf3', 'f4'], ['Kf2', 'Kf5'], ['Kf3', 'Kg5'], ['Ke4', 'Kg4']]",0-1
USA-ch,New York,1957.??.??,12,"Turner, Abe","Berliner, Hans Jack",,,D31,"[['d4', 'd5'], ['c4', 'c6'], ['Nf3', 'e6'], ['Nc3', 'Nd7'], ['cxd5', 'exd5'], ['Bf4', 'Ne7'], ['e3', 'Ng6'], ['Bg3', 'Nf6\n'], ['Bd3', 'Be7'], ['h3', 'O-O'], ['Qc2', 'Bd6'], ['Bxd6', 'Qxd6'], ['O-O', 'Ne8'], ['Rfe1', 'Qf6'], ['Nh2', 'Nd6\n'], ['b4', 'Bd7'], ['b5', 'Nxb5'], ['Bxb5', 'cxb5'], ['Nxd5', 'Qg5'], ['e4', 'f5'], ['Nf3', 'Qd8'], ['Ne5', 'Rc8\n'], ['Qe2', 'Bc6'], ['Nxg6', 'hxg6'], ['Nf4', 'Re8'], ['Nxg6', 'Qg5'], ['Ne5', 'Bxe4'], ['g3', 'Rc2'], ['Qxb5', 'Rec8\n'], ['Qb3+', 'Kh7'], ['h4', 'Qd2'], ['Qe3', 'Qxe3'], ['Rxe3', 'Rxa2'], ['Rf1', 'b5'], ['Nf7', 'b4'], ['Rd1', 'Rd2\n'], ['Ng5+', 'Kg6'], ['Ra1', 'Ra2'], ['Rd1', 'Bd5'], ['Re5', 'Rd8'], ['Nh3', 'Kf6'], ['Rde1', 'Ra6'], ['Nf4', 'Bf7\n'], ['d5', 'Rb6'], ['f3', 'Rd7'], ['g4', 'g6'], ['h5', 'Kg5'], ['hxg6', 'Bxg6'], ['Ne6+', 'Kf6'], ['Nf8', 'Rdd6\n'], ['Nxg6', 'Kxg6'], ['gxf5+', 'Kg5'], ['Kf2', 'b3'], ['f4+', 'Kf6'], ['Re6+', 'Kxf5'], ['R1e5+', 'Kg4\n'], ['Re1', 'a5'], ['f5', 'Kg5'], ['R1e3', 'b2'], ['Rg3+', 'Kh4'], ['Rg1', 'a4'], ['Re4+', 'Kh5'], ['Re3', 'Rb4\n'], ['Rh3+', 'Rh4'], ['Rf3', 'Rxd5'], ['f6', 'Rd2+'], ['Ke3', 'Rd8'], ['f7', 'Rf8'], ['Kd3', 'Rg4'], ['Rh1+', 'Kg6\n'], ['Kc2', 'Rg2+'], ['Kb1', 'a3'], ['Rxa3', 'Rxf7'], ['Rb3', '']]",1/2-1/2
USA-ch,New York,1957.??.??,13,"Berliner, Hans Jack","Sherwin, James T",,,D86,"[['d4', 'Nf6'], ['c4', 'g6'], ['Nc3', 'd5'], ['cxd5', 'Nxd5'], ['e4', 'Nxc3'], ['bxc3', 'c5'], ['Be3', 'Bg7'], ['Bc4', 'O-O\n'], ['Ne2', 'cxd4'], ['cxd4', 'Nc6'], ['Qd2', 'Na5'], ['Bd3', 'Nc6'], ['Rd1', 'Nxd4'], ['Nxd4', 'Bxd4'], ['Bb5', 'Bb6\n'], ['Qb2', 'Qc7'], ['Bh6', 'Ba5+'], ['Ke2', 'Bc3'], ['Qc2', 'Qa5'], ['Bxf8', 'Qxb5+'], ['Rd3', 'Bf6'], ['Bh6', 'Be6\n'], ['f3', 'Rc8'], ['Qb1', 'Bc4'], ['Qxb5', 'Bxb5'], ['Rb1', 'Bxd3+'], ['Kxd3', 'Rc7'], ['Bf4', 'e5'], ['Be3', 'b6\n'], ['Rc1', 'Rxc1'], ['Bxc1', 'b5'], ['Be3', 'a6'], ['Bc5', 'Bh4'], ['Bd6', 'f6'], ['g3', 'Bg5'], ['Kc3', 'Kf7\n'], ['Kb4', 'Ke6'], ['Bf8', 'Bd2+'], ['Kc5', 'Be3+'], ['Kc6', 'f5'], ['Bb4', 'h5']]",1/2-1/2
US-op,Omaha,1959.07.22,3,"Gilden, Lawrence C","Berliner, Hans Jack",,,A42,"[['c4', 'g6'], ['Nc3', 'Bg7'], ['d4', 'd6'], ['e4', 'e5'], ['Nf3', 'Nc6'], ['Bg5', 'f6'], ['Be3', 'Bh6'], ['Qd2', 'Bxe3\n'], ['Qxe3', 'Bg4'], ['d5', 'Nce7'], ['c5', 'Bd7'], ['Nd2', 'f5'], ['cxd6', 'cxd6'], ['Nb5', 'Bxb5'], ['Bxb5+', 'Kf7\n'], ['f4', 'exf4'], ['Qxf4', 'Nf6'], ['exf5', 'Nexd5'], ['fxg6+', 'Kg7'], ['Qg5', 'h6'], ['Qg3', 'Qb6'], ['Ba4', 'Rhe8+\n'], ['Bxe8', 'Rxe8+'], ['Kd1', 'Ne3+'], ['Kc1', 'Qc5+']]",0-1
US-op,Omaha,1959.07.24,5,"Bisguier, Arthur Bernard","Berliner, Hans Jack",,,B02,"[['e4', 'Nf6'], ['e5', 'Nd5'], ['c4', 'Nb6'], ['c5', 'Nd5'], ['Bc4', 'e6'], ['Nc3', 'Nc6'], ['d4', 'Nxc3'], ['bxc3', 'd6\n'], ['cxd6', 'cxd6'], ['exd6', 'Bxd6'], ['Nf3', 'O-O'], ['O-O', 'e5'], ['dxe5', 'Nxe5'], ['Nxe5', 'Bxe5'], ['Ba3', 'Qh4\n'], ['f4', '']]",1/2-1/2
US-op,Omaha,1959.07.25,6,"Berliner, Hans Jack","Saidy, Anthony Fred",,,E86,"[['d4', 'Nf6'], ['c4', 'g6'], ['Nc3', 'Bg7'], ['e4', 'd6'], ['f3', 'O-O'], ['Be3', 'e5'], ['Nge2', 'c6'], ['Qd2', 'exd4\n'], ['Bxd4', 'Be6'], ['Nf4', 'c5'], ['Be3', 'Nc6'], ['Nb5', 'Ne8'], ['O-O-O', 'Qb6'], ['Nd5', 'Bxd5'], ['cxd5', 'Ne5\n'], ['Bh6', 'a6'], ['Nc3', 'Qa5'], ['Kb1', 'b5'], ['Rc1', 'c4'], ['Bxg7', 'Nxg7'], ['f4', 'Nd7'], ['Qd4', 'Rfe8\n'], ['g4', 'Qb6'], ['Qxb6', 'Nxb6'], ['Re1', 'b4'], ['Nd1', 'Nxd5'], ['Bxc4', 'Nxf4'], ['Rhf1', 'g5'], ['h4', 'h6\n'], ['hxg5', 'hxg5'], ['Ne3', 'Ra7'], ['Nd5', 'Nxd5'], ['Bxd5', 'Re5'], ['Rc1', 'Ne8'], ['Rc6', 'Kg7'], ['Rfc1', 'Nf6\n'], ['Rxd6', 'Nxg4'], ['Rg1', 'Nf6'], ['Kc2', 'g4'], ['Kd3', 'Rg5'], ['Ke3', 'Nh5'], ['Bc4', 'a5'], ['Be2', 'Nf6\n'], ['Kf4', 'Rg6'], ['e5', 'Nh5+'], ['Kf5', 'Re7'], ['Bxg4', 'f6'], ['exf6+', 'Nxf6'], ['Rdd1', 'Nxg4'], ['Rxg4', 'Rf7+']]",0-1
US-op,Omaha,1959.07.26,7,"Berliner, Hans Jack","Ault, Robin",,,A85,"[['d4', 'f5'], ['c4', 'Nf6'], ['Nc3', 'g6'], ['f3', 'd5'], ['cxd5', 'Nxd5'], ['e4', 'Nxc3'], ['bxc3', 'Bg7'], ['Bc4', 'c5\n'], ['Ne2', 'Nc6'], ['Be3', 'cxd4'], ['cxd4', 'fxe4'], ['fxe4', 'Rf8'], ['Qb3', 'Bxd4'], ['Bxd4', 'Nxd4'], ['Nxd4', 'Qxd4\n'], ['Qa4+', '']]",1-0
US-op,Omaha,1959.07.27,8,"Brasket, Curt J","Berliner, Hans Jack",,,B03,"[['e4', 'Nf6'], ['e5', 'Nd5'], ['d4', 'd6'], ['c4', 'Nb6'], ['f4', 'dxe5'], ['fxe5', 'g6'], ['Nc3', 'Bg7'], ['c5', 'Nd5\n'], ['Bc4', 'Be6'], ['Qb3', 'Nxc3'], ['Bxe6', 'fxe6'], ['bxc3', 'Qd5'], ['Nf3', 'O-O'], ['O-O', 'Nc6'], ['Bg5', 'b6\n'], ['cxb6', 'axb6'], ['c4', 'Qd7'], ['Rad1', 'Rf5'], ['Be3', 'Na5'], ['Qc2', 'Qc6'], ['Rc1', 'Raf8'], ['Rfd1', 'Rxf3\n'], ['gxf3', 'Qxf3'], ['Qf2', 'Qh5'], ['Qd2', 'Nxc4'], ['Rxc4', '']]",1/2-1/2
USA-ch,New York,1960.??.??,1,"Kalme, G.","Berliner, Hans Jack",,,A04,"[['Nf3', '']]",1/2-1/2
USA-ch,New York,1960.??.??,2,"Berliner, Hans Jack","Saidy, Anthony Fred",,,E76,"[['d4', 'Nf6'], ['c4', 'g6'], ['Nc3', 'Bg7'], ['e4', 'd6'], ['f4', 'c5'], ['d5', 'O-O'], ['Bd3', 'e6'], ['Nge2', 'exd5\n'], ['exd5', 'Re8'], ['O-O', 'Na6'], ['h3', 'Nc7'], ['Ng3', 'Rb8'], ['a4', 'Ng4'], ['hxg4', 'Bd4+'], ['Rf2', 'Qh4\n'], ['Nge4', 'f5'], ['gxf5', 'gxf5'], ['g3', 'Qh6'], ['Nd2', 'Bxf2+'], ['Kxf2', 'Qh2+'], ['Kf3', 'a6'], ['Nf1', 'Qh3\n'], ['Ne3', 'Bd7'], ['Bd2', 'Qh5+'], ['Kg2', 'Qf7'], ['Qc2', 'Rf8'], ['Rh1', 'b5'], ['axb5', 'axb5'], ['cxb5', 'c4\n'], ['Bxc4', 'Nxb5'], ['Bxb5', 'Bxb5'], ['Nxb5', 'Rxb5'], ['Bc3', 'Re8'], ['Qd3', 'Rc5'], ['Qd4', '']]",1-0
USA-ch,New York,1960.??.??,3,"Reshevsky, Samuel Herman","Berliner, Hans Jack",,,E97,"[['d4', 'Nf6'], ['c4', 'g6'], ['Nc3', 'Bg7'], ['e4', 'd6'], ['Be2', 'O-O'], ['Nf3', 'e5'], ['O-O', 'Nc6'], ['Be3', 'Ng4\n'], ['Bg5', 'f6'], ['Bc1', 'f5'], ['d5', 'Nd4'], ['Nxd4', 'exd4'], ['Nb5', 'c5'], ['dxc6', 'bxc6'], ['Nxd4', 'Qb6\n'], ['Nb3', 'Ne5'], ['Be3', 'Qb4'], ['Bd2', 'Qa4'], ['Bc3', 'fxe4'], ['Qxd6', 'Nxc4'], ['Qc5', 'Be6'], ['Bxg7', 'Kxg7\n'], ['Qd4+', 'Kf7'], ['Nc5', 'Qc2'], ['Nxe6', 'Qxe2'], ['Nf4', '']]",1-0
USA-ch,New York,1960.??.??,5,"Fischer, Robert James","Berliner, Hans Jack",,,B03,"[['e4', 'Nf6'], ['e5', 'Nd5'], ['d4', 'd6'], ['c4', 'Nb6'], ['exd6', 'cxd6'], ['Nc3', 'g6'], ['Bd3', 'Bg7'], ['Nge2', 'Nc6\n'], ['Be3', 'O-O'], ['O-O', 'e5'], ['d5', 'Ne7'], ['b3', 'Nd7'], ['Ne4', 'Nf5'], ['Bg5', 'f6'], ['Bd2', 'Nc5'], ['Nxc5', 'dxc5\n'], ['Bxf5', 'Bxf5'], ['f4', 'exf4'], ['Nxf4', 'Qd6'], ['Nh5', 'Rae8'], ['Nxg7', 'Kxg7'], ['Bf4', 'Qd7'], ['Qd2', 'Rf7\n'], ['Bh6+', 'Kg8'], ['Rae1', 'Rfe7'], ['Rxe7', 'Qxe7'], ['h3', 'Qe4'], ['Qf2', 'Qe7'], ['g4', 'Bd3'], ['Rd1', 'Be4\n'], ['d6', 'Qe5'], ['Bf4', 'Qc3'], ['d7', 'Rd8'], ['Qe2', 'Qf3'], ['Qxf3', 'Bxf3'], ['Bc7', '']]",1-0
USA-ch,New York,1960.??.??,6,"Berliner, Hans Jack","Bisguier, Arthur Bernard",,,D50,"[['d4', 'Nf6'], ['c4', 'e6'], ['Nc3', 'Bb4'], ['Bg5', 'd5'], ['cxd5', 'exd5'], ['e3', 'c5'], ['Bd3', 'c4'], ['Bc2', 'Qa5\n'], ['Bxf6', 'Bxc3+'], ['bxc3', 'Qxc3+'], ['Kf1', 'gxf6'], ['Ne2', 'Qa5'], ['Nf4', 'Nc6'], ['Rb1', 'Bd7'], ['Rxb7', 'O-O-O\n'], ['Qb1', 'Qa6'], ['Rb5', 'Ne7'], ['Rc5+', 'Bc6'], ['Qb2', 'Qb6'], ['Qa3', 'Rd7'], ['Ke2', 'Rb7'], ['Rb1', 'Qc7\n'], ['Qa6', 'Kb8'], ['Nxd5', 'Nxd5'], ['Rxc6', 'Rxb1'], ['Rxc7', 'Nxc7'], ['Qxf6', '']]",1-0
USA-ch,New York,1960.??.??,7,"Seidman, Herbert","Berliner, Hans Jack",,,B05,"[['e4', 'Nf6'], ['e5', 'Nd5'], ['d4', 'd6'], ['Nf3', 'Bg4'], ['Be2', 'Nc6'], ['O-O', 'e6'], ['c4', 'Nb6'], ['exd6', 'cxd6\n'], ['d5', 'exd5'], ['cxd5', 'Bxf3'], ['Bxf3', 'Ne5'], ['Be2', 'Be7'], ['b3', 'O-O'], ['Bb2', 'Bf6'], ['Nc3', 'Nbd7\n'], ['Qd2', 'Qa5'], ['Rfd1', 'Qb4'], ['Nb5', 'Qxd2'], ['Rxd2', 'Bg5'], ['Rc2', 'Rfc8'], ['Rxc8+', 'Rxc8\n'], ['Nxd6', 'Rc2'], ['Bxe5', 'Nxe5'], ['Kf1', 'b6'], ['Rd1', 'Rxa2'], ['Nb7', 'Rd2'], ['Rxd2', 'Bxd2'], ['d6', 'Nd7\n'], ['Nd8', 'Bg5'], ['Nc6', 'a5'], ['f4', 'Bxf4'], ['Bg4', 'Ne5'], ['Ne7+', 'Kf8'], ['Be2', 'Nd7'], ['Bb5', 'Nc5\n'], ['Nc8', 'Nxb3'], ['g3', 'Be5'], ['d7', 'Bc7'], ['Na7', 'Nc5'], ['Nc6', 'Nxd7'], ['Nxa5', 'bxa5'], ['Bxd7', 'Ke7\n'], ['Ba4', 'f5'], ['Bc2', 'Kf6'], ['Ke2', 'h5'], ['Kf3', 'h4'], ['gxh4', 'Bxh2'], ['h5', 'Kg5']]",0-1
USA-ch,New York,1960.??.??,9,"Byrne, Robert E","Berliner, Hans Jack",,,D76,"[['d4', 'Nf6'], ['c4', 'g6'], ['g3', 'Bg7'], ['Bg2', 'O-O'], ['Nc3', 'Nc6'], ['Nf3', 'd5'], ['cxd5', 'Nxd5'], ['O-O', 'Nb6\n'], ['d5', 'Nb4'], ['e4', 'c6'], ['Qb3', 'Nd3'], ['Be3', 'cxd5'], ['Rfd1', 'Ne5'], ['Nxe5', 'Bxe5'], ['exd5', 'Bg4\n'], ['f3', 'Bf5'], ['f4', 'Bg7'], ['Rac1', 'Qd7'], ['Nb5', 'Rfc8'], ['Nxa7', 'Rxc1'], ['Rxc1', 'Na4'], ['Nb5', 'Nxb2\n'], ['Rc7', 'Qd8'], ['d6', 'Bd7'], ['Rxb7', 'Rc8'], ['Na7', 'Qa5'], ['Nxc8', 'Qe1+'], ['Bf1', 'Bc3'], ['Nxe7+', 'Kh8\n'], ['Bf2', 'Qd2'], ['Rxd7', 'Bd4'], ['Qb8+', 'Kg7'], ['Qg8+', 'Kh6'], ['Nf5+', 'Kh5'], ['Qxh7+', '']]",1-0
USA-ch,New York,1960.??.??,10,"Berliner, Hans Jack","Lombardy, William James",,,E77,"[['d4', 'Nf6'], ['c4', 'g6'], ['Nc3', 'Bg7'], ['e4', 'd6'], ['f4', 'c5'], ['d5', 'O-O'], ['Nf3', 'e6'], ['Be2', 'exd5'], ['exd5', 'Bf5\n'], ['O-O', 'Ne4'], ['Nxe4', 'Bxe4'], ['Ng5', 'Re8'], ['Bd3', 'Bxd3'], ['Qxd3', 'h6'], ['Nxf7', 'Kxf7'], ['f5', 'Nd7\n'], ['fxg6+', 'Kg8'], ['Qh3', 'Ne5'], ['Qh5', 'Qd7'], ['h3', 'Rf8'], ['Bxh6', 'Bxh6'], ['Qxh6', 'Qg7'], ['Qe3', 'Qxg6\n'], ['b3', 'Rae8'], ['Qc3', 'Kh7'], ['Kh1', 'Nd3'], ['Qc2', 'Rxf1+'], ['Rxf1', 'Re3'], ['Qd1', 'Kg8'], ['a3', 'a5\n'], ['Qd2', 'Qe4'], ['Kg1', 'b6'], ['a4', 'Kh7'], ['Kh2', 'Kg6'], ['Qd1', 'Re2']]",0-1
USA-ch,New York,1960.??.??,11,"Sherwin, James T","Berliner, Hans Jack",,,D25,"[['d4', 'd5'], ['Nf3', 'Nf6'], ['c4', 'dxc4'], ['e3', 'Be6'], ['Na3', 'c5'], ['Nxc4', 'Nc6'], ['Be2', 'g6'], ['O-O', 'cxd4\n'], ['exd4', 'Bg7'], ['Nce5', 'O-O'], ['Nxc6', 'bxc6'], ['Qa4', 'Bd5'], ['Bf4', 'Qb6'], ['b3', 'Nh5'], ['Be3', 'Qc7\n'], ['Rac1', 'Nf4'], ['Bxf4', 'Qxf4'], ['Rfd1', 'Rfd8'], ['Rc3', 'Rd7'], ['Bc4', 'Rad8'], ['Bxd5', 'Rxd5\n'], ['g3', 'Qg4'], ['Qxc6', 'e5'], ['Re1', 'e4'], ['Nd2', 'f5'], ['Qe6+', 'Kh8'], ['Nxe4', 'Bxd4'], ['Rc8', 'Bb6\n'], ['Qxd5', 'Rxc8'], ['Qe5+', 'Kg8'], ['Nf6+', '']]",1-0
USA-ch,New York,1962.??.??,1,"Sherwin, James T","Berliner, Hans Jack",,,E81,"[['d4', 'Nf6'], ['c4', 'g6'], ['Nc3', 'Bg7'], ['e4', 'd6'], ['f3', 'O-O'], ['Be3', 'c6'], ['Qd2', 'a6'], ['O-O-O', 'b5\n'], ['h4', 'Nbd7'], ['Bh6', 'e5'], ['Nge2', 'Qa5'], ['Bxg7', 'Kxg7'], ['a3', 'Nb6'], ['Ng3', 'bxc4'], ['h5', 'Be6\n'], ['f4', 'Rab8'], ['f5', 'Na4'], ['Nxa4', 'Qxa4'], ['fxe6', 'fxe6'], ['hxg6', 'Qb3'], ['dxe5', 'dxe5'], ['Qc3', 'Qxc3+\n'], ['bxc3', 'Rb3'], ['gxh7', 'Rxc3+'], ['Kb2', 'Rxg3'], ['Bxc4', 'Rxg2+'], ['Kb3', 'Rb8+'], ['Ka4', 'Kh8\n'], ['Bxe6', 'Nxe4'], ['Rc1', 'Rb5'], ['Rxc6', 'Nc5+'], ['Rxc5', 'Rxc5'], ['Bg8', 'Rb5'], ['Rh4', 'Rf2'], ['Bc4', 'Rf4\n'], ['Rxf4', 'exf4']]",0-1
USA-ch,New York,1962.??.??,2,"Berliner, Hans Jack","Byrne, Robert E",,,E77,"[['d4', 'Nf6'], ['c4', 'g6'], ['Nc3', 'Bg7'], ['e4', 'd6'], ['f4', 'c5'], ['d5', 'O-O'], ['Nf3', 'e6'], ['Be2', 'exd5'], ['exd5', 'Ne8\n'], ['O-O', 'Nc7'], ['Bd3', 'f5'], ['Qc2', 'Nd7'], ['b3', 'Nf6'], ['Bb2', 'Bd7'], ['Rae1', 'Re8'], ['Nd1', 'Nh5\n'], ['Bxg7', 'Kxg7'], ['Rxe8', 'Qxe8'], ['Qb2+', 'Kg8'], ['g3', 'Qf8'], ['Re1', 'Qf6'], ['Qxf6', 'Nxf6'], ['Nc3', '']]",1/2-1/2
USA-ch,New York,1962.??.??,3,"Fischer, Robert James","Berliner, Hans Jack",,,B03,"[['e4', 'Nf6'], ['e5', 'Nd5'], ['d4', 'd6'], ['c4', 'Nb6'], ['exd6', 'cxd6'], ['Nc3', 'g6'], ['Bd3', 'Bg7'], ['Nge2', 'Nc6\n'], ['Be3', 'O-O'], ['O-O', 'e5'], ['d5', 'Nb4'], ['b3', 'Nxd3'], ['Qxd3', 'Nd7'], ['Qd2', 'f5'], ['f4', 'b6'], ['Rad1', 'Nf6\n'], ['fxe5', 'dxe5'], ['Bg5', 'Bd7'], ['Kh1', 'Rf7'], ['Ng1', 'Qf8'], ['d6', 'Bc6'], ['b4', 'h6'], ['Bxf6', 'Bxf6\n'], ['c5', 'bxc5'], ['bxc5', 'Re8'], ['Nd5', 'Bd8'], ['Qe2', 'Ba8'], ['Qb5', 'Kg7'], ['Qc4', 'f4'], ['c6', 'Qxd6\n'], ['Nxf4', 'Qxc6'], ['Nh5+', 'Kh8'], ['Qxc6', 'Bxc6'], ['Rxf7', 'gxh5'], ['Rd6', 'Be4'], ['Rxh6+', 'Kg8\n'], ['Rxa7', 'Bg5'], ['Rxh5', 'Be3'], ['Rd7', 'Bd4'], ['Ne2', 'Rf8'], ['Rg5+', 'Kh8'], ['h4', 'Ba1'], ['Ng3', 'Ba8\n'], ['Rd6', 'Rf7'], ['Nf5', '']]",1-0
USA-ch,New York,1962.??.??,4,"Berliner, Hans Jack","Mednis, Edmar John",,,E79,"[['d4', 'Nf6'], ['c4', 'g6'], ['Nc3', 'Bg7'], ['e4', 'd6'], ['f4', 'O-O'], ['Nf3', 'c5'], ['Be2', 'cxd4'], ['Nxd4', 'Nc6\n'], ['Be3', 'Bg4'], ['Bxg4', 'Nxg4'], ['Qxg4', 'Nxd4'], ['Qd1', 'Nc6'], ['Rc1', 'Qa5'], ['O-O', 'Rfc8'], ['Qe2', 'Qa6\n'], ['Rfd1', 'Kf8'], ['b3', 'b6'], ['Qf2', 'Qa5'], ['f5', 'Bxc3'], ['Rd5', 'Qb4'], ['Rb5', 'Qa3'], ['Rxc3', 'Kg7\n'], ['Bc1', 'Qa6'], ['f6+', 'exf6'], ['Bh6+', 'Kxh6'], ['Qxf6', '']]",1-0
USA-ch,New York,1962.??.??,5,"Rossolimo, Nicolas","Berliner, Hans Jack",,,B34,"[['e4', 'c5'], ['Nf3', 'Nc6'], ['d4', 'cxd4'], ['Nxd4', 'g6'], ['Nc3', 'Bg7'], ['Be3', 'Nf6'], ['Be2', 'O-O'], ['O-O', 'd5\n'], ['exd5', 'Nb4'], ['d6', 'Qxd6'], ['Ncb5', 'Qd8'], ['c4', 'a6'], ['Qa4', 'Nc6'], ['Nxc6', 'bxc6'], ['Nc3', 'Ng4\n'], ['Bxg4', 'Bxg4'], ['Qxc6', 'Qc8'], ['Nd5', 'Qxc6'], ['Nxe7+', 'Kh8'], ['Nxc6', 'Rac8'], ['Nd4', 'Rxc4\n'], ['h3', 'Bxd4'], ['Bxd4+', 'Rxd4'], ['hxg4', 'Rd2'], ['b3', 'Rc8'], ['Rfd1', 'Rb2'], ['Rd3', 'Kg7'], ['Rf3', 'Rcc2\n'], ['a3', 'a5'], ['Re1', 'Rc7'], ['Re5', 'Rb7'], ['Rxa5', 'R2xb3'], ['Rxb3', 'Rxb3'], ['Ra7', 'h6'], ['g3', 'Rb1+\n'], ['Kg2', 'Ra1'], ['f4', 'Kf6'], ['Kf3', 'Rf1+'], ['Ke2', 'Rg1'], ['Kf2', 'Ra1'], ['Ra6+', 'Kg7'], ['f5', 'Ra2+']]",1/2-1/2
USA-ch,New York,1962.??.??,6,"Bisguier, Arthur Bernard","Berliner, Hans Jack",,,B08,"[['e4', 'g6'], ['d4', 'Bg7'], ['Nc3', 'd6'], ['Nf3', 'Nf6'], ['Be2', 'O-O'], ['O-O', 'c6'], ['e5', 'dxe5'], ['Nxe5', 'Nbd7\n'], ['Bf4', 'Nxe5'], ['Bxe5', 'Be6'], ['Qd2', 'Qa5'], ['Rad1', 'Rfd8'], ['a3', 'Ne8'], ['Bxg7', 'Nxg7'], ['Ne4', 'Qxd2\n'], ['Rxd2', 'Bd5'], ['Nc5', 'b6'], ['Na6', 'Rd7'], ['Rfd1', 'Rc8'], ['Nb4', 'a5'], ['Nd3', 'Bc4'], ['Ne5', 'Bxe2\n'], ['Rxe2', 'Ra7'], ['d5', 'cxd5'], ['Rxd5', 'Nf5'], ['Nd7', 'e6'], ['Rd3', 'b5']]",1/2-1/2
USA-ch,New York,1962.??.??,7,"Berliner, Hans Jack","Evans, Larry Melvyn",,,A67,"[['d4', 'Nf6'], ['c4', 'c5'], ['d5', 'e6'], ['Nc3', 'exd5'], ['cxd5', 'd6'], ['e4', 'g6'], ['f4', 'Bg7'], ['Bb5+', 'Nfd7\n'], ['Bd3', 'O-O'], ['Nge2', 'Na6'], ['O-O', 'Nc7'], ['a4', 'a6'], ['Ra3', 'Rb8'], ['Rb3', 'b5'], ['axb5', 'c4\n'], ['Bxc4', 'Nc5'], ['Ra3', 'axb5'], ['b4', 'Nxe4'], ['Bd3', 'Nxc3'], ['Nxc3', 'Bb7'], ['f5', 'Nxd5'], ['Nxd5', 'Bxd5\n'], ['fxg6', 'Qb6+'], ['Kh1', 'fxg6'], ['Be2', 'Qc6'], ['Bf3', 'Bxf3'], ['Raxf3', 'Rxf3'], ['Rxf3', 'Ra8\n'], ['Ba3', 'Be5'], ['h3', 'Qc4'], ['g3', 'Qe4'], ['Kh2', 'Rc8'], ['h4', 'Rc2+'], ['Kg1', 'd5'], ['Qd3', 'Bd4+\n'], ['Kf1', 'Rf2+'], ['Rxf2', 'Qxd3+']]",0-1
USA-ch,New York,1962.??.??,8,"Reshevsky, Samuel Herman","Berliner, Hans Jack",,,D35,"[['c4', 'e6'], ['Nc3', 'd5'], ['cxd5', 'exd5'], ['d4', 'Be7'], ['Nf3', 'Nf6'], ['Bf4', 'c6'], ['Qc2', 'g6'], ['e3', 'Bf5\n'], ['Bd3', 'Bxd3'], ['Qxd3', 'Nh5'], ['Bh6', 'Bf8'], ['Bxf8', 'Kxf8'], ['b4', 'Qe7'], ['O-O', 'Qxb4'], ['Rab1', 'Qe7\n'], ['e4', 'dxe4'], ['Nxe4', 'Kg7'], ['Rfe1', 'Rd8'], ['Ng3', 'Qf6'], ['Nxh5+', 'gxh5'], ['Re5', 'Nd7'], ['Rf5', 'Qd6\n'], ['Ng5', 'f6'], ['Ne4', 'Qe6'], ['Rxh5', 'Nf8'], ['Nc5', 'Qe8'], ['Rxb7+', 'Kg8'], ['Qg3+', 'Qg6'], ['Ne4', 'Nd7\n'], ['Rxd7', 'Rxd7'], ['Nxf6+', 'Kf7'], ['Rxh7+', '']]",1-0
USA-ch,New York,1962.??.??,9,"Berliner, Hans Jack","Benko, Pal C",,,D86,"[['d4', 'Nf6'], ['c4', 'g6'], ['Nc3', 'd5'], ['cxd5', 'Nxd5'], ['e4', 'Nxc3'], ['bxc3', 'Bg7'], ['Bc4', 'O-O'], ['Ne2', 'Nc6\n'], ['h4', 'Na5'], ['Bb3', 'c5'], ['h5', 'cxd4'], ['hxg6', 'hxg6'], ['cxd4', 'Nxb3'], ['Qxb3', 'Bg4'], ['f3', 'Be6\n'], ['Qb5', 'Rc8'], ['Qg5', 'Bc4'], ['Qh4', 'Qa5+'], ['Bd2', 'Qh5'], ['Qxh5', 'gxh5'], ['Rxh5', 'Rfd8'], ['Bh6', 'Bxh6\n'], ['Rxh6', 'e6'], ['e5', 'Bxe2'], ['Kxe2', 'Rc2+'], ['Kd3', 'Rxg2'], ['Rah1', 'Kg7'], ['Rh7+', 'Kf8'], ['Rh8+', 'Ke7\n'], ['Rxd8', 'Kxd8'], ['Rh8+', 'Ke7'], ['Rb8', 'Rxa2'], ['Rxb7+', 'Kf8']]",1/2-1/2
USA-ch,New York,1962.??.??,10,"Addison, William","Berliner, Hans Jack",,,D29,"[['d4', 'd5'], ['c4', 'dxc4'], ['Nf3', 'Nf6'], ['e3', 'e6'], ['Bxc4', 'c5'], ['O-O', 'a6'], ['Qe2', 'b5'], ['Bb3', 'Bb7\n'], ['Rd1', 'Nbd7'], ['Nc3', 'Qc7'], ['e4', 'b4'], ['Nd5', 'exd5'], ['exd5+', 'Be7'], ['dxc5', 'Nxd5'], ['Bxd5', 'Bxd5\n'], ['Rxd5', 'Nxc5'], ['Be3', 'Nd7'], ['Bg5', 'f6'], ['Re1', 'Nb6'], ['Bf4', 'Qb7'], ['Rc5', 'Rc8'], ['Bd6', 'Rxc5\n'], ['Qxe7+', '']]",1-0
USA-ch,New York,1962.??.??,11,"Berliner, Hans Jack","Steinmeyer, Robert",,,D31,"[['d4', 'd5'], ['c4', 'c6'], ['Nc3', 'e6'], ['e4', 'dxe4'], ['Nxe4', 'Bb4+'], ['Bd2', 'Qxd4'], ['Bxb4', 'Qxe4+'], ['Ne2', 'Nd7\n'], ['Qd6', 'e5'], ['O-O-O', 'Qg6'], ['Qc7', 'Qe6'], ['Ng3', 'f5'], ['Rd6', 'Qf7'], ['Ba5', 'b6'], ['Qxc6', 'Rb8\n'], ['Re6+', 'Kd8'], ['Bb4', 'a5'], ['Bc3', 'Ne7'], ['Qd6', 'f4'], ['Bxe5', 'fxg3'], ['hxg3', 'Rb7'], ['Bd3', 'h6\n'], ['Be4', 'Ra7'], ['Rd1', 'Ke8'], ['Bg6', '']]",1-0
