Paris,Paris,1821.??.??,?,"De Labourdonnais, Louis","Cochrane, James",,,C37,"[['e4', 'e5'], ['f4', 'exf4'], ['Nf3', 'g5'], ['Bc4', 'g4'], ['Ne5', 'Qh4+'], ['Kf1', 'f3'], ['g3', 'Qh3+'], ['Kf2', 'Qg2+\n'], ['Ke3', 'Bh6+'], ['Kd3', 'd5'], ['Bxd5', 'Na6'], ['c3', 'c6'], ['Bxf7+', 'Ke7'], ['Bb3', 'Nc5+'], ['Kc2', 'Nxe4\n'], ['Qf1', 'Bf5'], ['Qxg2', 'Nf2+'], ['d3', 'fxg2'], ['Rg1', 'Rd8'], ['Bxh6', 'Nxh6'], ['Rxg2', 'Nxd3'], ['Nxd3', 'Bxd3+\n'], ['Kc1', 'Rhf8'], ['Nd2', 'Nf5'], ['Bd1', 'Ne3'], ['Rg1', 'Bf1'], ['b3', 'Rf2'], ['Rxf1', 'Nxf1'], ['Nxf1', 'Rxd1+\n'], ['Kxd1', 'Rxf1+']]",0-1
France,France,1830.??.??,?,"De la Bourdonnais, Louis",Pelling,,,C21,"[['e4', 'e5'], ['d4', 'exd4'], ['Bc4', 'c5'], ['Nf3', 'd6'], ['c3', 'dxc3'], ['O-O', 'Be6'], ['Bxe6', 'fxe6'], ['Qb3', 'Qd7\n'], ['Ng5', 'd5'], ['exd5', 'exd5'], ['Re1+', 'Be7'], ['Ne6', 'Kf7'], ['Qxc3', 'Nf6'], ['h4', 'Re8'], ['Bf4', 'Bd6\n'], ['Qg3', 'Nh5'], ['Qg4', '']]",1-0
France,France,1830.??.??,?,"De la Bourdonnais, Louis",D'Arblay,,,C39,"[['e4', 'e5'], ['f4', 'exf4'], ['Nf3', 'g5'], ['h4', 'g4'], ['Ng5', 'Nc6'], ['Bc4', 'Ne5'], ['Bb3', 'h6'], ['d4', 'hxg5\n'], ['dxe5', 'Rxh4'], ['Rf1', 'g3'], ['Nc3', 'Bb4'], ['Qd5', 'Bxc3+'], ['bxc3', 'Qe7'], ['Ba3', 'd6'], ['exd6', 'Qe6\n'], ['Qd4', 'Qf6'], ['e5', 'Qf5'], ['dxc7', 'Be6'], ['Ba4+', 'Bd7'], ['O-O-O', '']]",1-0
London m1,London,1834.??.??,1,"De Labourdonnais, Louis","McDonnell, Alexander",,,B22,"[['e4', 'e5'], ['d4', 'exd4'], ['Nf3', 'c5'], ['Bc4', 'Nc6'], ['c3', 'Qf6'], ['O-O', 'd6'], ['cxd4', 'cxd4'], ['Ng5', 'Nh6\n'], ['f4', 'Be7'], ['e5', 'Qg6'], ['exd6', 'Qxd6'], ['Na3', 'O-O'], ['Bd3', 'Bf5'], ['Nc4', 'Qg6'], ['Nf3', 'Bxd3\n'], ['Nce5', 'Bc2'], ['Nxg6', 'Bxd1'], ['Nxe7+', 'Nxe7'], ['Rxd1', 'Nhf5'], ['g4', 'Ne3'], ['Bxe3', 'dxe3\n'], ['Rd7', 'Rfe8'], ['Re1', 'Ng6'], ['f5', 'Nf4'], ['Rd4', 'Nh3+'], ['Kg2', 'Nf2'], ['Rc4', 'Rad8'], ['h3', 'h6\n'], ['Re2', 'b5'], ['Rd4', 'Rxd4'], ['Nxd4', 'a6'], ['Kf3', 'Nxh3'], ['Rxe3', 'Ng5+'], ['Kf4', 'Rxe3'], ['Kxe3', 'g6\n'], ['fxg6', 'fxg6'], ['Nc6', 'Ne6'], ['Ke4', 'Kf7'], ['Ke5', 'h5'], ['gxh5', 'gxh5'], ['Kf5', 'Nc7'], ['b3', 'Ke8\n'], ['a4', 'bxa4'], ['bxa4', 'Nd5'], ['Kg5', 'Ne7'], ['Nb8', 'a5'], ['Na6', 'Ng6'], ['Kxh5', 'Nf4+'], ['Kg5', 'Ne6+\n'], ['Kf5', 'Kd7'], ['Ke5', 'Nd8']]",1/2-1/2
London m1,London,1834.??.??,2,"De Labourdonnais, Louis","McDonnell, Alexander",,,C44,"[['e4', 'e5'], ['Nf3', 'Nc6'], ['d4', 'exd4'], ['Bc4', 'Qf6'], ['c3', 'd3'], ['Qxd3', 'd6'], ['O-O', 'Qg6'], ['Bf4', 'Be7\n'], ['Nbd2', 'h5'], ['Rfe1', 'Bh3'], ['Nh4', 'Bxh4'], ['Qxh3', 'Bf6'], ['e5', 'dxe5'], ['Bxe5', 'Bxe5'], ['f4', 'Nge7\n'], ['fxe5', 'Qg4'], ['Qxg4', 'hxg4'], ['Nb3', 'Ng6'], ['e6', 'f5'], ['Rad1', 'Nge5'], ['Bd3', 'Rh5'], ['Bc2', 'Ke7\n'], ['Nd4', 'Kf6'], ['Rf1', 'Ne7'], ['b4', 'Rah8'], ['Ne2', 'Rxh2'], ['Ng3', 'g6'], ['Bb3', 'Kg5'], ['Rde1', 'Nd3\n'], ['Re3', 'Nf4'], ['Rf2', 'R2h7'], ['Rd2', 'Nh5'], ['Nxh5', 'Rxh5'], ['Kf2', 'f4'], ['Re5+', 'Nf5'], ['e7', 'Re8\n'], ['Rd7', 'Rh7'], ['Rxc7', 'Rhxe7'], ['Rcxe7', 'Rxe7'], ['Rxe7', 'Nxe7'], ['a4', 'Kf5'], ['a5', 'Ke5'], ['Bd1', 'g3+\n'], ['Kf3', 'Nd5'], ['Bc2', 'g5'], ['b5', 'Nxc3'], ['b6', 'axb6'], ['axb6', 'Nb5'], ['Kg4', 'Nd6'], ['Bd3', 'Ne4\n'], ['Be2', 'Kd5'], ['Bf3', 'Ke5'], ['Be2', 'Kf6'], ['Bf3', 'Nf2+'], ['Kh5', 'g4'], ['Bxg4', 'Ke7'], ['Bc8', 'Kd6\n'], ['Bxb7', 'Kc5']]",1/2-1/2
London m1,London,1834.??.??,3,"De Labourdonnais, Louis","McDonnell, Alexander",,,C44,"[['e4', 'e5'], ['Nf3', 'Nc6'], ['d4', 'exd4'], ['Bc4', 'Qf6'], ['O-O', 'd6'], ['c3', 'd3'], ['Qxd3', 'Qg6'], ['Bf4', 'Be7\n'], ['Nbd2', 'Nh6'], ['Rae1', 'O-O'], ['Nd4', 'Ne5'], ['Bxe5', 'dxe5'], ['N4f3', 'Bd6'], ['h3', 'Kh8'], ['Nh4', 'Qh5\n'], ['Qg3', 'f5'], ['Nxf5', 'Nxf5'], ['exf5', 'Bxf5'], ['Ne4', 'Bxe4'], ['Rxe4', 'Rf6'], ['Rh4', 'Qf5'], ['Qe3', 'Qd7\n'], ['Bd3', 'g6'], ['Be4', 'Raf8'], ['Qg3', 'Qg7'], ['b4', 'a5'], ['a3', 'axb4'], ['axb4', 'c5'], ['Rb1', 'cxb4\n'], ['cxb4', 'Bc7'], ['Kh1', 'Rb6'], ['b5', 'Bd8'], ['Rg4', 'g5'], ['Bf3', 'h5'], ['Re4', 'g4'], ['hxg4', 'hxg4\n'], ['Qxg4', 'Rh6+'], ['Kg1', 'Qh7'], ['g3', 'Rg8'], ['Qc8', 'Bb6'], ['Qc3', 'Rxg3+'], ['Kf1', 'Bd4'], ['Qc8+', 'Rg8\n'], ['Qc4', 'Rh1+'], ['Ke2', 'Rxb1'], ['Rxd4', 'Rb2+'], ['Rd2', 'Rxd2+'], ['Kxd2', 'Rd8+'], ['Ke2', 'Qh6\n'], ['Qc3', 'Qg7'], ['Be4', 'Kg8'], ['Qb3+', 'Kf8'], ['Qf3+', 'Qf7'], ['Bxb7', 'Qxf3+'], ['Kxf3', '']]",1/2-1/2
London m1,London,1834.??.??,4,"De Labourdonnais, Louis","McDonnell, Alexander",,,C53,"[['e4', 'e5'], ['Nf3', 'Nc6'], ['Bc4', 'Bc5'], ['c3', 'd6'], ['d4', 'exd4'], ['cxd4', 'Bb6'], ['d5', 'Ne5'], ['Nxe5', 'dxe5\n'], ['Nc3', 'Nf6'], ['Bg5', 'O-O'], ['Qf3', 'Qd6'], ['Bxf6', 'Qxf6'], ['Qxf6', 'gxf6'], ['g4', 'Kg7'], ['Ne2', 'Rh8\n'], ['Rg1', 'Kf8'], ['Rg2', 'Ke7'], ['O-O-O', 'h5'], ['g5', 'f5'], ['Nc3', 'Bc5'], ['g6', 'Bd6'], ['gxf7', 'Kxf7\n'], ['f4', 'exf4'], ['Rdg1', 'Kf8'], ['Rg6', 'f3'], ['exf5', 'Be5'], ['d6', 'cxd6'], ['Rg8+', 'Rxg8'], ['Rxg8+', 'Ke7\n'], ['Nd5+', 'Kd7'], ['Bb5+', '']]",1-0
London m1,London,1834.??.??,5,"McDonnell, Alexander","De Labourdonnais, Louis",,,B21,"[['e4', 'c5'], ['f4', 'e6'], ['Nf3', 'd5'], ['e5', 'Nc6'], ['c3', 'f6'], ['Na3', 'Nh6'], ['Nc2', 'Be7'], ['d4', 'O-O'], ['Bd3', 'c4\n'], ['Be2', 'Bd7'], ['O-O', 'b5'], ['Ne3', 'a5'], ['Kh1', 'fxe5'], ['fxe5', 'Nf5'], ['g4', 'Nxe3'], ['Bxe3', 'Be8\n'], ['Qd2', 'Bg6'], ['Ng5', 'Bxg5'], ['Bxg5', 'Qd7'], ['h4', 'b4'], ['Kh2', 'bxc3'], ['bxc3', 'a4'], ['h5', 'Be4\n'], ['h6', 'g6'], ['Bf6', 'Rab8'], ['Bg7', 'Qe7'], ['Kg3', 'Rxf1'], ['Rxf1', 'a3'], ['Rf6', 'Na5'], ['Bd1', 'Nb3\n'], ['Qf2', 'Nc1'], ['Ba4', 'Nd3'], ['Qf1', 'g5'], ['Bc2', 'Nc5'], ['dxc5', 'Bxc2'], ['c6', 'Ba4'], ['c7', 'Re8\n'], ['Qc1', 'Qxc7'], ['Qxg5', 'Bc2'], ['Bf8+', 'Bg6'], ['Bxa3', 'Qd7'], ['Bd6', 'd4'], ['Qf4', 'Qc8'], ['Qxd4', 'Qc6\n'], ['Qa7', '']]",1-0
London m1,London,1834.??.??,6,"De Labourdonnais, Louis","McDonnell, Alexander",,,C53,"[['e4', 'e5'], ['Nf3', 'Nc6'], ['Bc4', 'Bc5'], ['c3', 'd6'], ['d4', 'exd4'], ['cxd4', 'Bb6'], ['d5', 'Nce7'], ['e5', 'Bg4\n'], ['Bb5+', 'Kf8'], ['e6', 'fxe6'], ['dxe6', 'Nf6'], ['h3', 'Bxf3'], ['Qxf3', 'c6'], ['Bd3', 'Qc8'], ['Bf5', 'Ke8\n'], ['O-O', 'Rf8'], ['Qd3', 'Nxf5'], ['Qxf5', 'Ke7'], ['Bg5', 'Qxe6'], ['Qxh7', 'Qf7'], ['Nc3', 'Kd7'], ['Qf5+', 'Kc7\n'], ['Bf4', 'Rad8'], ['Qc2', 'Kb8'], ['a4', 'Nh5'], ['Bg5', 'Rde8'], ['a5', 'Bc5'], ['Na4', 'Bd4'], ['Qd2', 'Ng3\n'], ['Rfd1', 'Bxf2+'], ['Kh2', 'Ne4'], ['Qc1', 'Bg3+'], ['Kg1', 'Qf2+'], ['Kh1', 'Be5'], ['Rd3', 'Ng3+'], ['Rxg3', 'Qxg3\n'], ['Qg1', 'Qxg5'], ['a6', 'Qg3'], ['axb7', 'Rf7'], ['Ra3', 'Qf4'], ['Nb6', 'Rff8'], ['Nd7+', 'Kc7'], ['b8=Q+', 'Rxb8\n'], ['Nxb8', 'Bd4']]",0-1
London m1,London,1834.??.??,7,"McDonnell, Alexander","De Labourdonnais, Louis",,,B21,"[['e4', 'c5'], ['f4', 'e6'], ['Nf3', 'Nc6'], ['c3', 'd5'], ['e5', 'f6'], ['Be2', 'Be7'], ['Na3', 'Qb6'], ['Nc2', 'Nh6'], ['d4', 'cxd4\n'], ['cxd4', 'Bd7'], ['Bd3', 'Nb4'], ['Nxb4', 'Bxb4+'], ['Kf2', 'O-O'], ['Rf1', 'fxe5'], ['fxe5', 'Nf5'], ['Bxf5', 'Rxf5\n'], ['Kg1', 'Rc8'], ['g4', 'Rf7'], ['a4', 'Rcf8'], ['Be3', 'Be7'], ['Qe2', 'Qb3'], ['Bg5', 'Bb4'], ['Kg2', 'Rxf3\n'], ['Rxf3', 'Rxf3'], ['Rc1', 'Rf8'], ['Rc7', 'Bc6'], ['Be3', 'Qc4'], ['Qd1', 'Ba5'], ['Re7', 'Bxa4']]",0-1
London m1,London,1834.??.??,8,"De Labourdonnais, Louis","McDonnell, Alexander",,,D20,"[['d4', 'd5'], ['c4', 'dxc4'], ['Nc3', 'f5'], ['e3', 'e6'], ['Bxc4', 'c6'], ['Nf3', 'Bd6'], ['e4', 'b5'], ['Bb3', 'a5'], ['exf5', 'exf5\n'], ['O-O', 'a4'], ['Bxg8', 'Rxg8'], ['Bg5', 'Qc7'], ['Qe2+', 'Kf8'], ['Rfe1', 'Kf7'], ['Rac1', 'Qb7'], ['d5', 'h6\n'], ['dxc6', 'Qa6'], ['Nxb5', 'hxg5'], ['Nxd6+', 'Kg6'], ['Ne5+', 'Kf6'], ['Qh5', 'g6'], ['Qh7', 'Be6'], ['Nxg6', 'Nxc6\n'], ['Rxc6', 'Qd3'], ['Qe7+', 'Kxg6'], ['Rxe6+', 'Kh5'], ['Qh7+', 'Kg4'], ['Rc4+', 'f4'], ['h3+', 'Qxh3\n'], ['Qxh3+', '']]",1-0
London m1,London,1834.??.??,9,"McDonnell, Alexander","De Labourdonnais, Louis",,,B21,"[['e4', 'e6'], ['f4', 'd5'], ['e5', 'c5'], ['Nf3', 'Nc6'], ['c3', 'f6'], ['Na3', 'Nh6'], ['Nc2', 'Nf7'], ['d4', 'Qb6'], ['Ne3', 'cxd4\n'], ['cxd4', 'Bb4+'], ['Kf2', 'fxe5'], ['fxe5', 'O-O'], ['Kg3', 'Qc7'], ['h4', 'Ncxe5'], ['dxe5', 'Nxe5\n'], ['Kh3', 'Nxf3'], ['gxf3', 'd4'], ['Ng4', 'h5'], ['Nf2', 'Qe5'], ['Bd3', 'Bd6'], ['Ne4', 'Bc7'], ['Kg2', 'Bd7\n'], ['f4', 'Qf5'], ['Ng5', 'Bc6+'], ['Kg1', 'Qg4+'], ['Qxg4', 'hxg4'], ['Rh2', 'Bd5'], ['h5', 'Rxf4'], ['Bxf4', 'Bxf4\n'], ['Ne4', 'Be3+'], ['Kg2', 'Rf8'], ['Rf1', 'Rf5'], ['Rhh1', 'Re5'], ['Kg3', 'Bxe4'], ['Bxe4', 'Rxe4'], ['Rh4', 'e5\n'], ['Rxg4', 'Bf4+'], ['Kf3', 'Re3+'], ['Kf2', 'd3'], ['Rfg1', 'Re2+'], ['Kf3', 'Bh6'], ['Re4', 'Rxb2'], ['Rxe5', 'Rxa2\n'], ['Kg4', 'd2'], ['Rd5', 'Rc2'], ['Rg3', 'b5'], ['Rgd3', 'Rc1'], ['Kf5', 'Kh7'], ['Rxd2', 'Bxd2'], ['Rxd2', 'a5']]",0-1
London m1,London,1834.??.??,10,"De Labourdonnais, Louis","McDonnell, Alexander",,,D20,"[['d4', 'd5'], ['c4', 'dxc4'], ['e3', 'e5'], ['dxe5', 'Qxd1+'], ['Kxd1', 'Nc6'], ['f4', 'Be6'], ['Bd2', 'Bc5'], ['Nf3', 'h6\n'], ['Nc3', 'Rd8'], ['Ke1', 'Nge7'], ['Rc1', 'Bb4'], ['Nb5', 'Bxd2+'], ['Nxd2', 'Rd7'], ['Bxc4', 'Bxc4'], ['Rxc4', 'O-O\n'], ['Nf3', 'Rfd8'], ['Ke2', 'Nd5'], ['Nbd4', 'Nxd4+'], ['Rxd4', 'c5'], ['Rd2', 'Nb4'], ['a3', 'Rxd2+'], ['Nxd2', 'Nc6\n'], ['Nc4', 'b6'], ['Rd1', 'Rxd1'], ['Kxd1', 'Kf8'], ['Ke2', 'Ke7'], ['Kd3', 'Ke6'], ['Ke4', 'Ne7'], ['g4', 'g6\n'], ['a4', 'f5+'], ['exf6', 'Kxf6'], ['Ne5', 'Ke6'], ['Nxg6', 'Nc8'], ['f5+', 'Kd6'], ['h4', 'Kc7'], ['Ke5', 'Nd6\n'], ['f6', 'a6'], ['Ke6', 'b5'], ['axb5', 'axb5'], ['f7', 'Nxf7'], ['Kxf7', 'Kd6'], ['Nf4', 'c4'], ['g5', 'hxg5\n'], ['hxg5', 'b4'], ['Ne2', '']]",1-0
London m1,London,1834.??.??,11,"McDonnell, Alexander","De Labourdonnais, Louis",,,C33,"[['e4', 'e5'], ['f4', 'exf4'], ['Bc4', 'Qh4+'], ['Kf1', 'g5'], ['Nc3', 'Bg7'], ['d4', 'd6'], ['Be2', 'Nc6'], ['e5', 'Nge7\n'], ['Nb5', 'O-O'], ['Nxc7', 'Rb8'], ['Nf3', 'Qh6'], ['exd6', 'Nf5'], ['c3', 'Ng3+'], ['hxg3', 'Qxh1+'], ['Kf2', 'fxg3+\n'], ['Kxg3', 'Qxd1'], ['Bxd1', 'h6'], ['b3', 'b5'], ['Be3', 'f5'], ['d5', 'f4+'], ['Kh2', 'fxe3'], ['dxc6', 'g4\n'], ['Nd4', 'Be5+'], ['Kg1', 'Bxd6'], ['Ncxb5', 'Bc5'], ['b4', 'Bb6'], ['Nd6', 'Bxd4'], ['cxd4', 'Rxb4'], ['Nxc8', 'Rxc8\n'], ['d5', 'Kf7'], ['Bb3', 'Ke7'], ['Kf1', 'Re4'], ['Ke2', 'Rf8'], ['Kd3', 'Re5'], ['Re1', 'Kd6'], ['Rxe3', 'Rxe3+\n'], ['Kxe3', 'h5'], ['Ke4', 'h4'], ['Bd1', 'h3'], ['gxh3', 'gxh3'], ['Bf3', 'h2'], ['Bg2', 'Rf1']]",0-1
London m1,London,1834.??.??,12,"De Labourdonnais, Louis","McDonnell, Alexander",,,D20,"[['d4', 'd5'], ['c4', 'dxc4'], ['e3', 'e5'], ['Bxc4', 'exd4'], ['exd4', 'Nf6'], ['Nf3', 'Bd6'], ['O-O', 'O-O'], ['Bg5', 'h6\n'], ['Bh4', 'g5'], ['Bg3', 'Bg4'], ['Nc3', 'Nc6'], ['Qd3', 'Kg7'], ['Ne5', 'Bxe5'], ['dxe5', 'Nh5'], ['Nd5', 'Nxg3\n'], ['Qxg3', 'Bh5'], ['f4', 'Na5'], ['b3', 'Nxc4'], ['bxc4', 'c6'], ['Nf6', 'Qd4+'], ['Kh1', 'Bg6'], ['Rad1', 'Qxc4\n'], ['f5', 'Bh7'], ['Nd7', 'Rfd8'], ['e6', 'f6'], ['Qc7', 'Rdc8'], ['Qxb7', 'Qb5'], ['Rb1', 'Qxb7'], ['Rxb7', 'Kh8\n'], ['Nxf6', 'Bg8'], ['Rd1', 'Rd8'], ['Rdd7', 'Rxd7'], ['Rxd7', 'g4'], ['Kg1', 'a5'], ['e7', '']]",1-0
London m1,London,1834.??.??,13,"McDonnell, Alexander","De Labourdonnais, Louis",,,B21,"[['e4', 'c5'], ['f4', 'e6'], ['Nf3', 'Nc6'], ['c3', 'd5'], ['e5', 'f6'], ['Na3', 'Nh6'], ['Nc2', 'Qb6'], ['d4', 'cxd4'], ['cxd4', 'Bb4+\n'], ['Nxb4', 'Qxb4+'], ['Kf2', 'O-O'], ['a3', 'Qb6'], ['Kg3', 'Nxd4'], ['Nxd4', 'Qxd4'], ['Qxd4', 'Nf5+\n'], ['Kh3', 'Nxd4'], ['b4', 'fxe5'], ['fxe5', 'Nc6'], ['Bb2', 'Rf7'], ['Rb1', 'Bd7'], ['Bd3', 'Raf8'], ['Rhf1', 'a6\n'], ['Kg3', 'Rxf1'], ['Rxf1', 'Rxf1'], ['Bxf1', 'Ne7'], ['Bd3', 'Be8'], ['Kf4', 'Bg6'], ['Be2', 'Be4'], ['g3', 'Kf7\n'], ['Bd1', 'h6'], ['h4', 'Nf5'], ['h5', 'Ne7'], ['g4', 'Ke8'], ['Bd4', 'g6'], ['hxg6', 'Nxg6+'], ['Kg3', 'Bd3\n'], ['Ba4+', 'Ke7'], ['Bd1', 'Kf7'], ['Ba4', 'Ne7'], ['Kh4', 'b5'], ['Bd1', 'Nc6'], ['Bb2', 'Kg6'], ['Kg3', 'a5\n'], ['bxa5', 'Nxa5'], ['Kf4', 'Nc4'], ['Bc1', 'Bb1'], ['Bb3', 'Bd3'], ['Bd1', 'Kf7'], ['Bb3', 'd4'], ['a4', 'bxa4\n'], ['Bxa4', 'Ke7'], ['Bb3', 'Na5'], ['Bd1', 'Bg6'], ['Bd2', 'Nc4'], ['Bb4+', 'Kf7'], ['Ba4', 'd3'], ['Bc3', 'd2\n'], ['Bd1', 'Kg7'], ['Kf3', 'h5'], ['Kf4', 'h4'], ['Bd4', 'Bb1'], ['Kf3', 'Kg6'], ['Ke2', 'Be4'], ['Bf2', 'h3\n'], ['Bg3', 'Kg5'], ['Bh2', 'Kxg4'], ['Kf2+', 'Kf5'], ['Ke2', 'Bd5'], ['Kd3', 'Nxe5+'], ['Kxd2', 'Nc6'], ['Ke3', 'e5\n'], ['Kf2', 'Bg2'], ['Kg3', 'Ke4'], ['Bg4', 'Ke3'], ['Bxh3', 'Bxh3'], ['Kxh3', 'e4'], ['Kg2', 'Ke2'], ['Bf4', 'Ne7\n'], ['Bg5', 'Nf5'], ['Bf4', '']]",1/2-1/2
London m1,London,1834.??.??,14,"McDonnell, Alexander","De Labourdonnais, Louis",,,B21,"[['e4', 'c5'], ['f4', 'e6'], ['Nf3', 'd5'], ['e5', 'Nc6'], ['c3', 'f6'], ['Na3', 'Nh6'], ['Nc2', 'Qb6'], ['d4', 'Bd7'], ['Ne3', 'cxd4\n'], ['cxd4', 'Bb4+'], ['Kf2', 'O-O'], ['Kg3', 'fxe5'], ['fxe5', 'Be8'], ['Kh3', 'Bh5'], ['g4', 'Bg6'], ['Bg2', 'Be4\n'], ['g5', 'Nf5'], ['Nxf5', 'Rxf5'], ['Be3', 'Bxf3'], ['Bxf3', 'Nxe5'], ['Bg4', 'Nxg4'], ['Qxg4', 'Raf8\n'], ['Rhg1', 'Bd6'], ['Bc1', 'Rf3+'], ['Kh4', 'R8f4']]",0-1
London m1,London,1834.??.??,15,"De Labourdonnais, Louis","McDonnell, Alexander",,,D20,"[['d4', 'd5'], ['c4', 'dxc4'], ['e3', 'e5'], ['Bxc4', 'exd4'], ['exd4', 'Nf6'], ['Nc3', 'Be7'], ['Nf3', 'O-O'], ['h3', 'c6\n'], ['Be3', 'Bf5'], ['g4', 'Bg6'], ['Ne5', 'Nbd7'], ['Nxg6', 'hxg6'], ['h4', 'Nb6'], ['Bb3', 'Nfd5'], ['h5', 'Nxe3\n'], ['fxe3', 'Bh4+'], ['Kd2', 'gxh5'], ['Qf3', 'Bg5'], ['Raf1', 'Qxd4+'], ['Kc2', 'Qf6'], ['Rxh5', 'Qg6+\n'], ['e4', 'Nd5'], ['Rfh1', 'Bh6'], ['g5', 'f5'], ['Nxd5', 'cxd5'], ['Bxd5+', 'Kh7'], ['Rxh6+', 'gxh6'], ['Rxh6+', 'Qxh6\n'], ['gxh6', '']]",1-0
London m1,London,1834.??.??,16,"McDonnell, Alexander","De Labourdonnais, Louis",,,B21,"[['e4', 'c5'], ['f4', 'e6'], ['Nf3', 'Nc6'], ['c3', 'd5'], ['e5', 'f6'], ['Na3', 'Nh6'], ['Nc2', 'Qb6'], ['d4', 'Bd7'], ['Ne3', 'cxd4\n'], ['cxd4', 'Bb4+'], ['Kf2', 'O-O'], ['Kg3', 'fxe5'], ['fxe5', 'Rac8'], ['h4', 'Rxf3+'], ['gxf3', 'Nxd4\n'], ['Bd3', 'Rf8'], ['f4', 'Bc5'], ['Rf1', 'Bb5'], ['Bxb5', 'Qxb5'], ['Kh3', 'Ne2'], ['Ng2', 'Nf5'], ['Kh2', 'Neg3\n'], ['Rf3', 'Ne4'], ['Qf1', 'Qe8'], ['b4', 'Bd4'], ['Rb1', 'Qh5'], ['Rbb3', 'Rc8'], ['Be3', 'Rc2'], ['Kg1', 'Nxe3\n'], ['Rfxe3', 'Nd2'], ['Qd3', 'Rc1+'], ['Kh2', 'Nf1+'], ['Kh3', 'Nxe3'], ['Nxe3', 'Qf3+'], ['Kh2', 'Rh1+']]",0-1
London m1,London,1834.??.??,17,"De Labourdonnais, Louis","McDonnell, Alexander",,,D20,"[['d4', 'd5'], ['c4', 'dxc4'], ['e3', 'e5'], ['Bxc4', 'exd4'], ['exd4', 'Nf6'], ['Nc3', 'Be7'], ['Nf3', 'O-O'], ['Be3', 'c6\n'], ['h3', 'Nbd7'], ['Bb3', 'Nb6'], ['O-O', 'Nfd5'], ['a4', 'a5'], ['Ne5', 'Be6'], ['Bc2', 'f5'], ['Qe2', 'f4\n'], ['Bd2', 'Qe8'], ['Rae1', 'Bf7'], ['Qe4', 'g6'], ['Bxf4', 'Nxf4'], ['Qxf4', 'Bc4'], ['Qh6', 'Bxf1'], ['Bxg6', 'hxg6\n'], ['Nxg6', 'Nc8'], ['Qh8+', 'Kf7'], ['Qh7+', 'Kf6'], ['Nf4', 'Bd3'], ['Re6+', 'Kg5'], ['Qh6+', 'Kf5'], ['g4+', '']]",1-0
London m1,London,1834.??.??,18,"McDonnell, Alexander","De Labourdonnais, Louis",,,C33,"[['e4', 'e5'], ['f4', 'exf4'], ['Bc4', 'Qh4+'], ['Kf1', 'g5'], ['Nc3', 'Bg7'], ['d4', 'Nc6'], ['e5', 'Nge7'], ['Nf3', 'Qh5\n'], ['Ne4', 'h6'], ['Nf6+', 'Bxf6'], ['exf6', 'd5'], ['Bd3', 'Nf5'], ['Qe1+', 'Kd8'], ['Ne5', 'Nfxd4'], ['c3', 'Nxe5\n'], ['Qxe5', 'Nc6'], ['Qxd5+', 'Ke8'], ['Bb5', 'Be6'], ['Bxc6+', 'Kf8'], ['Qc5+', 'Kg8'], ['Bf3', 'Qg6'], ['Qd4', 'c5\n'], ['Qe5', 'Re8'], ['Be2', 'f3'], ['Kf2', 'fxe2'], ['Be3', 'b6'], ['h4', 'Bd7'], ['Qd5', 'Qxf6+'], ['Kxe2', 'Bg4+\n'], ['Kd2', 'Rd8']]",0-1
London m1,London,1834.??.??,19,"De Labourdonnais, Louis","McDonnell, Alexander",,,C23,"[['e4', 'e5'], ['Bc4', 'Bc5'], ['Qe2', 'd6'], ['d3', 'Nf6'], ['h3', 'Nc6'], ['c3', 'Ne7'], ['Bb3', 'Ng6'], ['g3', 'c6'], ['f4', 'exf4\n'], ['gxf4', 'Bxg1'], ['Rxg1', 'Bxh3'], ['f5', 'Ne5'], ['Rg3', 'Bg4'], ['Qg2', 'h5'], ['d4', 'Ned7'], ['Bg5', 'Qb6\n'], ['Nd2', 'O-O'], ['Bf4', 'd5'], ['e5', 'Rfe8'], ['Be3', 'h4'], ['Rxg4', 'Nxg4'], ['Qxg4', 'Nxe5'], ['dxe5', 'Qxe3+\n'], ['Kd1', 'Rxe5'], ['Kc2', 'Qg3'], ['Qd4', 'Qe3'], ['Qxh4', 'Qh6'], ['Qxh6', 'gxh6'], ['Rf1', 'f6'], ['c4', 'Kf7\n'], ['cxd5', 'cxd5'], ['Kd3', 'Rg8'], ['Rf4', 'Ke7'], ['Nf3', 'Rg3'], ['Kd4', 'Kd6'], ['Bd1', 'b5'], ['b4', 'a6\n'], ['a4', 'h5'], ['axb5', 'axb5'], ['Bc2', 'Re2'], ['Bd3', 'Rb2'], ['Ke3', 'Rg4'], ['Nd4', 'Rxf4'], ['Kxf4', 'Rxb4\n'], ['Ke3', 'Kc5'], ['Ne6+', 'Kb6'], ['Nf4', 'Rxf4'], ['Kxf4', 'Kc5'], ['Be2', 'h4'], ['Kg4', 'b4'], ['Kxh4', 'Kd4\n'], ['Kg3', 'b3'], ['Bd1', 'b2'], ['Bc2', 'Ke3']]",0-1
London m1,London,1834.??.??,20,"McDonnell, Alexander","De Labourdonnais, Louis",,,C33,"[['e4', 'e5'], ['f4', 'exf4'], ['Bc4', 'Qh4+'], ['Kf1', 'd6'], ['d4', 'Bg4'], ['Qd3', 'Nc6'], ['Bxf7+', 'Kxf7'], ['Qb3+', 'Kg6\n'], ['Qxb7', 'Nxd4'], ['Qxa8', 'Nf6'], ['Na3', 'f3'], ['g3', 'Bh3+'], ['Ke1', 'Qg4'], ['Be3', 'd5'], ['Qxa7', 'Nc6\n'], ['Qxc7', 'd4'], ['Bd2', 'Qxe4+'], ['Kd1', 'f2'], ['Nxh3', 'Qf3+'], ['Kc1', 'Qxh1+']]",0-1
London m1,London,1834.??.??,21,"De Labourdonnais, Louis","McDonnell, Alexander",,,C23,"[['e4', 'e5'], ['Bc4', 'Bc5'], ['Qe2', 'Nf6'], ['d3', 'Nc6'], ['c3', 'Ne7'], ['f4', 'exf4'], ['d4', 'Bb6'], ['Bxf4', 'd6\n'], ['Bd3', 'Ng6'], ['Be3', 'O-O'], ['h3', 'Re8'], ['Nd2', 'Qe7'], ['O-O-O', 'c5'], ['Kb1', 'cxd4'], ['cxd4', 'a5\n'], ['Ngf3', 'Bd7'], ['g4', 'h6'], ['Rdg1', 'a4'], ['g5', 'hxg5'], ['Bxg5', 'a3'], ['b3', 'Bc6'], ['Rg4', 'Ba5\n'], ['h4', 'Bxd2'], ['Nxd2', 'Ra5'], ['h5', 'Rxg5'], ['Rxg5', 'Nf4'], ['Qf3', 'Nxd3'], ['d5', 'Nxd5'], ['Rhg1', 'Nc3+\n'], ['Ka1', 'Bxe4'], ['Rxg7+', 'Kh8'], ['Qg3', 'Bg6'], ['hxg6', 'Qe1+'], ['Rxe1', 'Rxe1+'], ['Qxe1', 'Nxe1\n'], ['Rh7+', 'Kg8'], ['gxf7+', 'Kxh7'], ['f8=N+', 'Kh6'], ['Nb1', 'Nc2+']]",0-1
London m1,London,1834.??.??,22,"McDonnell, Alexander","De Labourdonnais, Louis",,,C33,"[['e4', 'e5'], ['f4', 'exf4'], ['Bc4', 'Qh4+'], ['Kf1', 'g5'], ['Nc3', 'Bg7'], ['d4', 'd6'], ['Nd5', 'Kd8'], ['Be2', 'Nc6\n'], ['e5', 'Nge7'], ['Nc3', 'Nf5'], ['Nf3', 'Qh6'], ['Ne4', 'f6'], ['exf6', 'Bxf6'], ['g4', 'Nfxd4'], ['Kg2', 'Bxg4\n'], ['h4', 'Bxf3+'], ['Bxf3', 'Nxf3'], ['Qxf3', 'Ne5'], ['Qb3', 'Qg6'], ['Qxb7', 'Rc8'], ['Bd2', 'gxh4+\n'], ['Kf1', 'Rg8'], ['Nxd6', 'cxd6'], ['Ba5+', 'Ke8'], ['Qxc8+', 'Kf7'], ['Qb7+', 'Be7'], ['Qd5+', 'Kf8\n'], ['Rd1', 'f3'], ['Rd2', 'h3'], ['Qa8+', 'Kf7'], ['Qd5+', 'Kf8'], ['Qa8+', 'Kg7'], ['Qxa7', 'Qg2+'], ['Rxg2+', 'fxg2+\n'], ['Kg1', 'Nf3+'], ['Kf2', 'gxh1=Q'], ['Qxe7+', 'Kh6'], ['Qxd6+', 'Kh5'], ['Qd5+', 'Rg5'], ['Qf7+', 'Kg4\n'], ['Qc4+', 'Nd4'], ['Qxd4+', 'Kh5'], ['Bb6', 'Qh2+'], ['Ke1', 'Re5+'], ['Kd1', 'Qe2+'], ['Kc1', 'Qe1+\n'], ['Qd1+', 'Qxd1+'], ['Kxd1', 'h2']]",0-1
London m1,London,1834.??.??,23,"De Labourdonnais, Louis","McDonnell, Alexander",,,D00,"[['d4', 'd5'], ['Bf4', 'c5'], ['e3', 'Nc6'], ['Nf3', 'Bg4'], ['Be2', 'Bxf3'], ['Bxf3', 'e6'], ['c4', 'Nf6'], ['Nc3', 'cxd4\n'], ['exd4', 'dxc4'], ['O-O', 'Be7'], ['Bxc6+', 'bxc6'], ['Qa4', 'O-O'], ['Qxc4', 'Rc8'], ['a3', 'Bd6'], ['Bg3', 'Bxg3\n'], ['fxg3', 'Nd5'], ['Rae1', 'Qg5'], ['Ne4', 'Qe7'], ['b4', 'a5'], ['Nc5', 'axb4'], ['axb4', 'Rb8'], ['Na6', 'Rb6\n'], ['b5', 'Qa3'], ['Qc5', 'Qxc5'], ['Nxc5', 'Rxb5'], ['Nd7', 'Rc8'], ['Ne5', 'Rb7'], ['Rc1', 'Rbc7'], ['Rc5', 'f6\n'], ['Nc4', 'Kf8'], ['Ra1', 'Ke7'], ['Ra6', 'Nb4'], ['Ra4', 'Rb8'], ['Na5', 'Nd3'], ['Kf1', 'Nxc5'], ['dxc5', 'Rb5']]",0-1
London m1,London,1834.??.??,24,"McDonnell, Alexander","De Labourdonnais, Louis",,,C23,"[['e4', 'e5'], ['Bc4', 'Bc5'], ['b4', 'Bxb4'], ['f4', 'd5'], ['exd5', 'e4'], ['Ne2', 'Nf6'], ['O-O', 'O-O'], ['Nbc3', 'c6\n'], ['dxc6', 'Nxc6'], ['Kh1', 'Bg4'], ['Qe1', 'e3'], ['dxe3', 'Bxe2'], ['Bxe2', 'Ne4'], ['Bb2', 'Qa5'], ['Bd3', 'Bxc3\n'], ['Bxc3', 'Nxc3'], ['Qh4', 'f5'], ['Rf3', 'Ne4'], ['Rh3', 'h6'], ['Rf1', 'Qc5'], ['Qh5', 'Qd6'], ['g4', 'Rae8\n'], ['Bc4+', 'Kh7'], ['g5', 'Na5'], ['gxh6', 'g6'], ['Qe2', 'Nxc4'], ['Qxc4', 'Nd2'], ['Qc3', 'Qc6+'], ['Qxc6', 'bxc6\n'], ['Rd1', 'Rd8']]",0-1
London m1,London,1834.??.??,25,"De Labourdonnais, Louis","McDonnell, Alexander",,,D00,"[['f4', 'd5'], ['d4', 'c5'], ['e3', 'e6'], ['Nf3', 'Nc6'], ['c4', 'cxd4'], ['exd4', 'dxc4'], ['Bxc4', 'Nf6'], ['Nc3', 'Be7\n'], ['O-O', 'O-O'], ['Kh1', 'a6'], ['Be3', 'b5'], ['Bd3', 'Bb7'], ['Ne5', 'Kh8'], ['Bc2', 'Nb4'], ['Bb3', 'Nbd5\n'], ['Nxd5', 'Nxd5'], ['Qe2', 'f6'], ['Nf3', 'Qe8'], ['Rae1', 'Bd6'], ['Bd2', 'Nxf4'], ['Bxf4', 'Bxf4'], ['Bxe6', 'Qh5\n'], ['g4', 'Qh6'], ['d5', 'Rae8'], ['Qg2', 'Re7'], ['Nd4', 'g6'], ['Nc6', 'Rc7'], ['Re4', 'g5'], ['Nd4', 'Rd8\n'], ['Nf5', 'Qf8'], ['Rd1', 'Rc5'], ['Red4', 'Be5'], ['R4d2', 'Rc4'], ['Ne3', 'Rc7'], ['Qf3', 'Bf4'], ['Rd3', 'Qd6\n'], ['Nf5', 'Qxe6'], ['dxe6', 'Bxf3+'], ['Kg1', 'Rxd3'], ['Rxd3', 'Rc8'], ['e7', 'Re8'], ['Rxf3', 'Kg8'], ['Ra3', 'Kf7\n'], ['Rxa6', 'Rc8'], ['b3', 'Be5'], ['h3', 'b4'], ['Kg2', 'Bf4'], ['Kf3', 'Be5'], ['Ke4', 'Bf4'], ['Ra7', 'Be5\n'], ['Ng7', 'Re8'], ['Nxe8', 'Kxe8'], ['Kf5', 'Kf7'], ['Rb7', '']]",1-0
London m2,London,1834.??.??,26,"McDonnell, Alexander","De Labourdonnais, Louis",,,C52,"[['e4', 'e5'], ['Nf3', 'Nc6'], ['Bc4', 'Bc5'], ['b4', 'Bxb4'], ['c3', 'Ba5'], ['O-O', 'd6'], ['d4', 'Bb6'], ['dxe5', 'Bg4\n'], ['Bb5', 'Bxf3'], ['Qxf3', 'dxe5'], ['Qg3', 'Qf6'], ['Bg5', 'Qe6'], ['Na3', 'Nf6'], ['Bxf6', 'gxf6'], ['Rad1', 'Bc5\n'], ['Qg7', 'Ke7'], ['Bc4', 'Rag8'], ['Qxg8', 'Rxg8'], ['Bxe6', 'fxe6'], ['Nc2', 'Rg4'], ['Rfe1', 'f5'], ['exf5', 'exf5\n'], ['Ne3', 'Bxe3'], ['Rxe3', 'Ke6'], ['Rh3', 'Rg7'], ['Rh6+', 'Ke7'], ['Rb1', 'Nd8'], ['f3', 'b6'], ['Rd1', 'Nf7\n'], ['Rc6', 'Rg8'], ['Rxc7+', 'Kf6'], ['Rxa7', 'Rc8'], ['Rdd7', 'Ng5'], ['Rdc7', '']]",1-0
London m2,London,1834.??.??,27,"De Labourdonnais, Louis","McDonnell, Alexander",,,A03,"[['f4', 'd5'], ['d4', 'c5'], ['e3', 'Nc6'], ['Nf3', 'Nf6'], ['c4', 'Bg4'], ['cxd5', 'Bxf3'], ['Qxf3', 'Qxd5'], ['Qxd5', 'Nxd5\n'], ['Bb5', 'cxd4'], ['exd4', 'Nb4'], ['Na3', 'O-O-O'], ['Bxc6', 'Nxc6'], ['Be3', 'Nxd4'], ['O-O-O', 'e5\n'], ['Nc4', 'Bc5'], ['Bxd4', 'exd4'], ['Rhe1', 'f6'], ['Re6', 'Rhe8'], ['Rde1', 'Rxe6'], ['Rxe6', 'Kd7'], ['f5', 'Re8\n'], ['Rxe8', 'Kxe8'], ['Kc2', 'Kd7'], ['Kd3', 'Kc6'], ['Ke4', 'Kb5'], ['Nd2', 'Kb4'], ['Kd3', 'Bd6'], ['Nf3', 'Be5\n'], ['h4', 'Kc5'], ['Ke4', 'h5'], ['Nd2', 'b5'], ['Nb3+', 'Kc4'], ['Na5+', 'Kb4'], ['Nc6+', 'Kc4'], ['Na5+', 'Kb4\n'], ['Nc6+', 'Kc5'], ['Na5', 'b4'], ['Nb3+', 'Kc4'], ['Nd2+', 'Kb5'], ['b3', 'a5'], ['Kd5', 'Bf4'], ['Nc4', 'd3\n'], ['Nb2', 'd2'], ['Ke4', 'Be5'], ['Nd1', 'Bg3'], ['Ke3', 'Be1'], ['Ke2', 'Kc5'], ['Ne3', 'Kd4'], ['Nc4', 'Kc3\n'], ['Kd1', 'a4'], ['Na5', 'axb3'], ['axb3', 'Bxh4'], ['Nc4', 'Bg5']]",0-1
London m2,London,1834.??.??,28,"McDonnell, Alexander","De Labourdonnais, Louis",,,B21,"[['e4', 'c5'], ['f4', 'Nc6'], ['Nf3', 'e6'], ['c3', 'd5'], ['e5', 'f6'], ['Na3', 'Nh6'], ['Nc2', 'Qb6'], ['d4', 'cxd4'], ['cxd4', 'Bb4+\n'], ['Kf2', 'Bd7'], ['h4', 'fxe5'], ['fxe5', 'O-O'], ['Kg3', 'Nf5+'], ['Kh3', 'Be7'], ['Bd3', 'Qd8'], ['g4', 'Nxh4\n'], ['Nxh4', 'Bxh4'], ['g5', 'Bxg5'], ['Qh5', 'Bh6'], ['Bxh6', 'gxh6'], ['Rag1+', 'Kh8'], ['Qxh6', 'Qe7\n'], ['Rg3', 'Rg8'], ['Qf6+', 'Qxf6'], ['exf6', 'e5+'], ['Kg2', 'e4'], ['Be2', 'Rxg3+'], ['Kxg3', 'Rg8+'], ['Kh4', 'Rg2\n'], ['Rf1', 'Kg8'], ['Bd1', 'Be6'], ['b4', 'a6'], ['a4', 'Rh2+'], ['Kg5', 'b5'], ['axb5', 'axb5'], ['Bh5', 'Rxc2\n'], ['Ra1', 'Nd8'], ['Ra7', 'e3'], ['Rg7+', 'Kf8'], ['Kh6', 'Nf7+'], ['Bxf7', 'Bxf7'], ['Rg3', 'Rh2+'], ['Kg5', 'e2\n'], ['Re3', 'Bh5']]",0-1
London m2,London,1834.??.??,29,"De Labourdonnais, Louis","McDonnell, Alexander",,,C54,"[['e4', 'e5'], ['Nf3', 'Nc6'], ['Bc4', 'Bc5'], ['c3', 'd6'], ['d3', 'Nf6'], ['b4', 'Bb6'], ['a4', 'a6'], ['b5', 'Ne7'], ['h3', 'Ng6\n'], ['Qe2', 'Be6'], ['Na3', 'O-O'], ['g4', 'd5'], ['Ba2', 'dxe4'], ['dxe4', 'Bxa2'], ['Rxa2', 'Nd7'], ['Nc4', 'Re8\n'], ['h4', 'Nc5'], ['Rd2', 'Qc8'], ['Rd5', 'Nxa4'], ['h5', 'Nf4'], ['Bxf4', 'Nxc3'], ['Qd3', 'Nxd5'], ['Qxd5', 'exf4\n'], ['Ng5', 'Re7'], ['h6', 'g6'], ['Nxb6', 'cxb6'], ['Qd4', 'Qf8'], ['Qf6', 'Rd7'], ['Ke2', 'Rad8'], ['e5', 'Rd2+\n'], ['Kf3', 'Rxf2+'], ['Kxf2', 'Qc5+'], ['Kg2', 'Rd2+'], ['Kh3', 'Qe3+'], ['Nf3', 'Qxf3+'], ['Kh4', 'Qxh1+\n'], ['Kg5', 'Kf8'], ['Qh8+', 'Ke7'], ['Qf6+', 'Ke8'], ['Qh8+', 'Kd7'], ['e6+', 'fxe6'], ['Qg7+', 'Kd6'], ['Qf8+', 'Kc7\n'], ['Qxf4+', 'Rd6'], ['Qf7+', 'Kc8'], ['Qg8+', 'Rd8'], ['Qxh7', 'Qd5+'], ['Kh4', 'Qh1+'], ['Kg5', 'Rd5+\n'], ['Kf6', 'Qf3+'], ['Kxg6', 'Qe4+']]",0-1
London m2,London,1834.??.??,30,"McDonnell, Alexander","De Labourdonnais, Louis",,,C24,"[['e4', 'e5'], ['Bc4', 'Nf6'], ['d4', 'exd4'], ['e5', 'Qe7'], ['Qe2', 'Ng8'], ['Nf3', 'Nc6'], ['c3', 'd6'], ['cxd4', 'Bg4\n'], ['Bb5', 'd5'], ['Nc3', 'Qe6'], ['h3', 'Bxf3'], ['Qxf3', 'O-O-O'], ['Bxc6', 'Qxc6'], ['Qxf7', 'Bb4'], ['Bd2', 'Ne7\n'], ['O-O', 'Rdf8'], ['Qh5', 'Nf5'], ['a3', 'Bxc3'], ['Bxc3', 'g6'], ['Qd1', 'h5'], ['Rc1', 'Qe6'], ['f4', 'h4\n'], ['Rf3', 'Rfg8'], ['Qe1', 'Kb8'], ['Qd2', 'Rh7'], ['Qd3', 'Rhg7'], ['Bd2', 'a6'], ['b4', 'Qb6'], ['Bc3', 'Ng3\n'], ['a4', 'Ne4'], ['b5', 'g5'], ['f5', 'g4'], ['hxg4', 'Rxg4'], ['Rc2', 'h3'], ['Rxh3', 'Rg3'], ['Rxg3', 'Rxg3\n'], ['a5', 'Qh6'], ['Bd2', 'Qh3'], ['Qf1', 'Rg8'], ['f6', 'Qh5'], ['f7', 'Rf8'], ['e6', 'Ng3'], ['Qf3', 'Qh1+\n'], ['Kf2', 'Ne4+'], ['Ke2', 'Qb1'], ['e7', 'Qxb5+'], ['Qd3', 'Ng3+'], ['Kd1', '']]",1-0
London m2,London,1834.??.??,31,"De Labourdonnais, Louis","McDonnell, Alexander",,,D20,"[['d4', 'd5'], ['c4', 'dxc4'], ['e3', 'e5'], ['Bxc4', 'exd4'], ['exd4', 'Nf6'], ['Nc3', 'Be7'], ['Nf3', 'O-O'], ['O-O', 'c6\n'], ['h3', 'Nbd7'], ['Be3', 'Nb6'], ['Bb3', 'Nfd5'], ['Qe2', 'Kh8'], ['Rae1', 'Bd6'], ['Bc2', 'f5'], ['Ne5', 'f4\n'], ['Qh5', 'Nf6'], ['Ng6+', 'Kg8'], ['Bb3+', 'Nbd5'], ['Nxd5', 'cxd5'], ['Bxd5+', 'Nxd5'], ['Qxd5+', 'Rf7\n'], ['Ne5', 'Be6'], ['Qxe6', 'Bxe5'], ['dxe5', 'fxe3'], ['Rxe3', 'Qe8'], ['Qxe8+', 'Rxe8'], ['f4', 'Rc7\n'], ['Rf2', 'Kf7'], ['g4', 'Rc5'], ['Rfe2', 'a5'], ['Kf2', 'b5'], ['Kf3', 'b4'], ['a3', 'Rb8'], ['axb4', 'Rxb4\n'], ['Rc3', '']]",1-0
London m2,London,1834.??.??,32,"McDonnell, Alexander","De Labourdonnais, Louis",,,B21,"[['e4', 'c5'], ['f4', 'e6'], ['Nf3', 'Nc6'], ['c3', 'd5'], ['e5', 'f6'], ['Na3', 'Nh6'], ['Nc2', 'Qb6'], ['d4', 'Bd7'], ['h4', 'cxd4\n'], ['cxd4', 'Nf5'], ['Kf2', 'h5'], ['g3', 'O-O-O'], ['Kg2', 'Be7'], ['a3', 'Be8'], ['b4', 'Kb8'], ['b5', 'Na5\n'], ['Ne3', 'Bg6'], ['Bd3', 'Nxe3+'], ['Bxe3', 'Be4'], ['Bxe4', 'dxe4'], ['Nd2', 'fxe5'], ['fxe5', 'Qxb5\n'], ['Qf1', 'Qd3'], ['Qxd3', 'exd3'], ['Rhb1', 'Rc8'], ['Kf3', 'Rc3'], ['Rb5', 'Bd8'], ['Ke4', 'a6'], ['Rbb1', 'Be7\n'], ['a4', 'Rd8'], ['Rb6', 'Rc6'], ['Rab1', 'Kc7'], ['Rxc6+', 'Nxc6'], ['Rf1', 'Bb4'], ['Rf7+', 'Rd7'], ['Rxd7+', 'Kxd7\n'], ['Nf3', 'Be7'], ['Kxd3', 'Nb4+'], ['Ke4', 'Nd5'], ['Bd2', 'b5'], ['axb5', 'axb5'], ['Kd3', 'Ke8'], ['Bg5', 'Bxg5\n'], ['Nxg5', 'Kd7'], ['Ne4', 'Kc6'], ['Nc5', 'Nc7'], ['Ke4', 'b4'], ['Kd3', 'Kd5'], ['Ne4', 'Nb5'], ['g4', 'hxg4\n'], ['h5', 'Nxd4'], ['h6', 'gxh6'], ['Nf6+', 'Kxe5'], ['Nxg4+', 'Kd5']]",0-1
London m2,London,1834.??.??,33,"De Labourdonnais, Louis","McDonnell, Alexander",,,D20,"[['d4', 'd5'], ['c4', 'dxc4'], ['e3', 'e5'], ['Bxc4', 'exd4'], ['exd4', 'Nf6'], ['Nf3', 'Be7'], ['O-O', 'O-O'], ['h3', 'Nbd7\n'], ['Nc3', 'Nb6'], ['Bb3', 'c6'], ['Be3', 'Nfd5'], ['Qe2', 'f5'], ['Rae1', 'f4'], ['Bxf4', 'Rxf4'], ['Qxe7', 'Qxe7\n'], ['Rxe7', 'Kf8'], ['Re4', 'Rf6'], ['Nxd5', 'cxd5'], ['Re3', 'Bf5'], ['Ne5', 'h6'], ['Rc1', 'Rd8'], ['Rc7', 'Bc8\n'], ['Rg3', 'Bd7'], ['Bxd5', 'Nxd5'], ['Rxd7', 'Rxd7'], ['Nxd7+', '']]",1-0
London m2,London,1834.??.??,34,"McDonnell, Alexander","De Labourdonnais, Louis",,,B21,"[['e4', 'c5'], ['f4', 'e6'], ['Nf3', 'd5'], ['e5', 'Nc6'], ['c3', 'f6'], ['Na3', 'Nh6'], ['Nc2', 'Qb6'], ['d4', 'Bd7'], ['h4', 'O-O-O\n'], ['a3', 'Kb8'], ['b4', 'cxd4'], ['cxd4', 'Nf5'], ['Kf2', 'h5'], ['Bd3', 'Nh6'], ['Bd2', 'Ng4+'], ['Kg3', 'Rc8\n'], ['Qe2', 'Be7'], ['a4', 'g5'], ['a5', 'Qc7'], ['b5', 'gxf4+'], ['Kh3', 'Nxd4'], ['Ncxd4', 'fxe5'], ['b6', 'Qd6\n'], ['Nxe5', 'Qxe5'], ['Qxe5+', 'Nxe5'], ['Bxf4', 'Bd6'], ['Bb5', 'Rc3+'], ['g3', 'Bc8'], ['bxa7+', 'Ka8\n'], ['a6', 'bxa6'], ['Bxa6', 'Nf7'], ['Bxd6', 'Nxd6'], ['Bxc8', 'Rhxc8'], ['Nxe6', 'Ne4'], ['Rhg1', 'Nf2+\n'], ['Kg2', 'Ng4'], ['Rgb1', 'Rc2+'], ['Kg1', 'Ne5'], ['Ra3', 'Rc1+'], ['Rxc1', 'Rxc1+'], ['Kg2', 'Rc2+\n'], ['Kf1', 'Rc6'], ['Nf4', 'd4'], ['Ke2', 'Rc2+'], ['Kd1', 'Rc4'], ['Nxh5', 'Ng4'], ['Nf4', 'Ne3+'], ['Ke2', 'Nf5\n'], ['Nd5', 'Nxg3+'], ['Kf3', 'Rc6'], ['Kxg3', '']]",1-0
London m3,London,1834.??.??,35,"McDonnell, Alexander","De Labourdonnais, Louis",,,C37,"[['e4', 'e5'], ['f4', 'exf4'], ['Nf3', 'g5'], ['Bc4', 'g4'], ['Nc3', 'gxf3'], ['Qxf3', 'Qf6'], ['Nd5', 'Qe5'], ['c3', 'Bh6\n'], ['d4', 'Qd6'], ['e5', 'Qc6'], ['Bb5', 'Qg6'], ['Nxc7+', 'Kd8'], ['Nxa8', 'Ne7'], ['O-O', 'Rg8'], ['Bd3', 'Qg7\n'], ['b4', 'Ng6'], ['Bxg6', 'Qxg6'], ['b5', 'd6'], ['b6', 'a6'], ['exd6', 'Nc6'], ['d7', 'Bxd7'], ['Nc7', 'Bg4\n'], ['Qd5+', 'Kc8'], ['Bxf4', 'Be6'], ['Nxe6', 'fxe6'], ['Qf3', 'Bxf4'], ['Rae1', 'e5'], ['Kh1', 'Qh6'], ['Qh3+', 'Qxh3\n'], ['gxh3', 'Bd2'], ['Rd1', 'Bxc3'], ['d5', 'Ne7'], ['Rf7', 'Bb4'], ['d6', 'Nc6'], ['Rc7+', 'Kb8'], ['Rxh7', 'e4\n'], ['Rh4', 'e3'], ['Re4', 'Bc5'], ['d7', 'Rd8'], ['h4', 'Bxb6'], ['h5', 'Kc7'], ['h6', 'e2'], ['Rxe2', 'Bd4\n'], ['h7', 'Kxd7'], ['Rg2', 'Rh8'], ['Rg7+', 'Kd6'], ['Rxb7', 'Kc5'], ['Kg2', 'Nd8'], ['Rd7', 'Ne6'], ['h4', 'Kc6\n'], ['R7xd4', 'Nxd4'], ['Rxd4', 'Rxh7'], ['Kg3', 'Kc5'], ['Rd2', 'a5'], ['Kg4', 'a4'], ['Rd3', 'Rb7'], ['h5', 'Rb4+\n'], ['Kg3', 'Rb1'], ['Rd2', 'Rg1+'], ['Rg2', 'Rh1'], ['Rh2', 'Rg1+'], ['Kh4', 'Rg8'], ['h6', 'Kb4'], ['Kh5', 'Ka3\n'], ['h7', 'Rb8'], ['Kg5', 'Rb5+'], ['Kf4', 'Rb8'], ['Ke4', 'Re8+'], ['Kd3', 'Rd8+'], ['Kc2', 'Rh8'], ['Kb1', 'Kb4\n'], ['Rh4+', 'Kc3'], ['Rh3+', 'Kc4'], ['Kb2', 'Kb4'], ['a3+', 'Kc4'], ['Rh4+', 'Kb5'], ['Kc3', 'Rc8+'], ['Kb2', 'Rh8\n'], ['Rb4+', 'Ka5'], ['Rb7', 'Ka6'], ['Rg7', 'Ka5'], ['Kc3', 'Rc8+'], ['Kd4', 'Rh8'], ['Rg5+', 'Kb6'], ['Rh5', 'Kc6\n'], ['Kc4', 'Kb6'], ['Kb4', 'Kc6'], ['Kxa4', 'Kb6'], ['Rh6+', 'Kc5'], ['Ka5', 'Ra8+'], ['Ra6', 'Rb8'], ['a4', 'Rc8\n'], ['Ra7', 'Rb8'], ['Rc7+', 'Kd6'], ['Rc1', 'Ra8+'], ['Kb5', 'Rb8+'], ['Ka6', 'Ra8+'], ['Kb7', 'Rh8'], ['Rh1', '']]",1-0
London m3,London,1834.??.??,36,"De Labourdonnais, Louis","McDonnell, Alexander",,,C53,"[['e4', 'e5'], ['Nf3', 'Nc6'], ['Bc4', 'Bc5'], ['c3', 'd6'], ['d4', 'exd4'], ['cxd4', 'Bb6'], ['Nc3', 'Nf6'], ['d5', 'Ne5\n'], ['Nxe5', 'dxe5'], ['Bg5', 'a6'], ['Qf3', 'Qd6'], ['Bxf6', 'Qxf6'], ['Qxf6', 'gxf6'], ['O-O-O', 'Bxf2\n'], ['Rhf1', 'Be3+'], ['Kc2', 'Rg8'], ['g3', 'Rg6'], ['d6', 'c6'], ['Bxf7+', 'Kxf7'], ['d7', 'Bxd7'], ['Rxd7+', 'Ke6\n'], ['Rxh7', 'Rh6'], ['Rxh6', 'Bxh6'], ['Rd1', 'b5'], ['Ne2', 'a5'], ['g4', 'Rg8'], ['h3', 'c5'], ['Rd3', 'Rc8\n'], ['Ng3', 'b4'], ['Nf5', 'Bf8'], ['h4', 'a4'], ['h5', 'c4'], ['Rh3', 'b3+'], ['axb3', 'cxb3+'], ['Kb1', 'Kf7\n'], ['h6', 'Kg8'], ['h7+', 'Kh8'], ['Ne3', 'a3'], ['bxa3', 'Bxa3'], ['Rh1', 'b2'], ['Nc2', 'Be7'], ['Kxb2', 'Rc4\n'], ['Re1', 'Kxh7'], ['Kb3', 'Rc8'], ['Ne3', 'Kg6'], ['Rf1', 'Rh8'], ['Rf3', 'Rc8'], ['Nd5', 'Bd8'], ['Rf5', 'Rc1']]",1/2-1/2
London m3,London,1834.??.??,37,"De Labourdonnais, Louis","McDonnell, Alexander",,,D20,"[['d4', 'd5'], ['c4', 'dxc4'], ['e3', 'e5'], ['Bxc4', 'exd4'], ['exd4', 'Nf6'], ['Nc3', 'Be7'], ['Nf3', 'O-O'], ['h3', 'Nbd7\n'], ['Be3', 'Nb6'], ['Bb3', 'c6'], ['O-O', 'Nfd5'], ['Qe2', 'f5'], ['Rae1', 'g5'], ['Bd2', 'Bf6'], ['Ne5', 'Qe8\n'], ['f4', 'g4'], ['hxg4', 'fxg4'], ['f5', 'Qh5'], ['Bc2', 'Qh4'], ['Qe4', 'Kh8'], ['Nxg4', 'Nc4'], ['Nxf6', 'Qxf6\n'], ['Nxd5', 'cxd5'], ['Qf4', 'Nxd2'], ['Qxd2', 'Bd7'], ['Re5', 'Rg8'], ['Rfe1', 'Qh4'], ['R1e2', 'Bb5'], ['Rf2', 'Rg4\n'], ['f6', 'Rxd4'], ['Qe3', 'Rg4'], ['Re7', 'd4'], ['Qe5', 'Rg5'], ['f7+', 'Rxe5'], ['f8=Q+', 'Rxf8'], ['Rxf8+', '']]",1-0
London m3,London,1834.??.??,38,"McDonnell, Alexander","De Labourdonnais, Louis",,,D32,"[['d4', 'd5'], ['c4', 'e6'], ['Nc3', 'Nf6'], ['Nf3', 'c5'], ['cxd5', 'exd5'], ['Bg5', 'Be6'], ['e3', 'Nc6'], ['Bd3', 'Be7\n'], ['dxc5', 'Bxc5'], ['O-O', 'h6'], ['Bxf6', 'Qxf6'], ['Rc1', 'Bd6'], ['Bb5', 'O-O'], ['Nxd5', 'Qxb2'], ['Rb1', 'Qa3\n'], ['e4', 'Rad8'], ['Nd2', 'a6'], ['Bc4', 'b5'], ['Bb3', 'Nd4'], ['Qh5', 'Nxb3'], ['Nxb3', 'Qxa2'], ['Nd4', 'Qc4\n'], ['Rfd1', 'Bxd5'], ['exd5', 'Rfe8'], ['Rbc1', 'Qa2'], ['Nf5', 'Qe2'], ['Qh3', 'b4'], ['g4', 'a5'], ['Re1', 'Qxe1+\n'], ['Rxe1', 'Rxe1+'], ['Kg2', 'a4'], ['Qh4', 'f6'], ['Qh5', 'Bf8'], ['Qg6', 'Kh8'], ['Nxh6', 'gxh6'], ['Qxf6+', 'Kg8\n'], ['Qxd8', 'a3'], ['Qa5', 'Rd1'], ['Qa4', 'Rd2'], ['d6', 'Bxd6'], ['Qe8+', 'Kg7'], ['Qd7+', 'Kf8'], ['Qf5+', 'Kg7\n'], ['g5', 'Be7'], ['Qe5+', 'Kg6'], ['Qe4+', 'Kf7'], ['Qf4+', 'Kg7'], ['Qxd2', 'hxg5'], ['Qd5', '']]",1-0
London m3,London,1834.??.??,39,"De Labourdonnais, Louis","McDonnell, Alexander",,,D20,"[['d4', 'd5'], ['c4', 'dxc4'], ['e3', 'e5'], ['Bxc4', 'exd4'], ['exd4', 'Nf6'], ['Nc3', 'Be7'], ['Nf3', 'O-O'], ['h3', 'Nbd7\n'], ['Be3', 'Nb6'], ['Bb3', 'c6'], ['O-O', 'Nfd5'], ['Qe2', 'f5'], ['Ne5', 'f4'], ['Bd2', 'g5'], ['Rae1', 'Kg7\n'], ['Nxd5', 'Nxd5'], ['Nxc6', 'bxc6'], ['Bxd5', 'Qxd5'], ['Qxe7+', 'Rf7'], ['Qb4', 'Bf5'], ['Re5', 'Qd7\n'], ['d5', 'cxd5'], ['Qd4', 'Kh6'], ['h4', 'Be6'], ['Rfe1', 'Re8'], ['Rxg5', 'Ref8'], ['Qe5', 'Bg4'], ['Rh5+', 'Bxh5\n'], ['Qg5+', '']]",1-0
London m3,London,1834.??.??,40,"McDonnell, Alexander","De Labourdonnais, Louis",,,C37,"[['e4', 'e5'], ['f4', 'exf4'], ['Nf3', 'g5'], ['Bc4', 'g4'], ['Nc3', 'gxf3'], ['Qxf3', 'Nc6'], ['d4', 'Nxd4'], ['Bxf7+', 'Kxf7\n'], ['Qh5+', 'Kg7'], ['O-O', 'Ne6'], ['Bxf4', 'Bc5+'], ['Kh1', 'Nf6'], ['Qh6+', 'Kg8'], ['Rf3', 'Bf8'], ['Rg3+', 'Kf7\n'], ['Qh4', 'Nxf4'], ['Qxf4', 'd6'], ['Rf1', 'Be6'], ['Qg5', 'Ke8'], ['Rxf6', 'Qe7'], ['Rgf3', 'c6'], ['Ne2', 'Rg8\n'], ['Qh5+', 'Kd8'], ['Nd4', 'Bg4'], ['Qa5+', 'Kc8'], ['Rf1', 'Bd7'], ['Rf7', 'Qe8'], ['b4', 'b6'], ['Qa6+', 'Kc7\n'], ['Qc4', 'Be7'], ['Nxc6', 'b5'], ['Qxb5', 'Bxc6'], ['Qa5+', 'Kb8'], ['Qf5', 'Bd8'], ['Re1', 'Qe5'], ['Qf3', 'd5\n'], ['b5', 'Bb7'], ['Rxb7+', 'Kxb7'], ['Qf7+', 'Bc7']]",0-1
London m3,London,1834.??.??,41,"De Labourdonnais, Louis","McDonnell, Alexander",,,D20,"[['d4', 'd5'], ['c4', 'dxc4'], ['e3', 'e5'], ['Bxc4', 'exd4'], ['exd4', 'Nf6'], ['Nc3', 'Bd6'], ['Nf3', 'O-O'], ['h3', 'Re8+\n'], ['Be3', 'Bf4'], ['Qe2', 'Qe7'], ['O-O', 'Bxe3'], ['fxe3', 'Qxe3+'], ['Qxe3', 'Rxe3'], ['Ne5', 'Be6'], ['Bxe6', 'fxe6\n'], ['Kf2', 'Rxe5'], ['dxe5', 'Nfd7'], ['Nb5', 'Na6'], ['Kg3', 'Nxe5'], ['Rae1', 'Ng6'], ['Rxe6', 'Nc5'], ['Re3', 'c6\n'], ['Nd6', 'b6'], ['h4', 'h6'], ['h5', 'Nf8'], ['Re7', 'Rd8'], ['Nb7', 'Rd3+'], ['Rf3', 'Rd5'], ['Nxc5', 'Rxc5\n'], ['Re8', '']]",1-0
London m3,London,1834.??.??,42,"McDonnell, Alexander","De Labourdonnais, Louis",,,C38,"[['e4', 'e5'], ['f4', 'exf4'], ['Nf3', 'g5'], ['Bc4', 'Bg7'], ['d4', 'd6'], ['c3', 'Nc6'], ['Qb3', 'Qe7'], ['Nxg5', 'Qxg5\n'], ['Bxf7+', 'Kf8'], ['Bxg8', 'Rxg8'], ['Bxf4', 'Qg6'], ['Rf1', 'Bf6'], ['Nd2', 'Ke8'], ['O-O-O', 'Be7'], ['e5', 'd5\n'], ['Qxd5', 'Qxg2'], ['Qb3', 'Nd8'], ['d5', 'c6'], ['d6', 'Be6'], ['Nc4', 'Bf8'], ['d7+', 'Bxd7'], ['Nd6+', 'Bxd6\n'], ['exd6', 'Rg6'], ['Bg3', 'Qh3'], ['Qb4', 'Re6'], ['Qd4', 'Nf7'], ['Rf2', 'Qh6+'], ['Kb1', 'Qg6+'], ['Ka1', 'c5\n'], ['Qd2', 'Rf6'], ['Bf4', 'Kf8'], ['Rg2', 'Qh5'], ['Re1', 'Rd8'], ['Qe3', 'Be6'], ['Reg1', 'Ke8'], ['Bg5', 'Rxd6\n'], ['Qg3', 'Rf3'], ['Qe1', 'Rfd3'], ['Bc1', 'Rd1'], ['Rg8+', 'Kd7'], ['Qe4', 'Qd5'], ['Qa4+', 'Qc6'], ['Qxa7', 'Rxg1\n'], ['Rxg1', 'Qa6'], ['Qxa6', 'Rxa6'], ['a3', 'Bb3'], ['Kb1', 'Rf6'], ['Rg2', 'Rf1'], ['Rg3', 'c4'], ['Rg7', 'Ke6\n'], ['Rxh7', 'Ne5'], ['Rh6+', 'Kd7'], ['Rh7+', 'Kc6'], ['Rh6+', 'Kb5'], ['Rh5', 'Re1'], ['Rg5', 'Ka4'], ['Rg3', 'Nd3\n'], ['Rxd3', 'cxd3'], ['h4', 'd2']]",0-1
London m3,London,1834.??.??,43,"De Labourdonnais, Louis","McDonnell, Alexander",,,D20,"[['d4', 'd5'], ['c4', 'dxc4'], ['e3', 'e5'], ['Bxc4', 'exd4'], ['exd4', 'Nf6'], ['Nc3', 'Bd6'], ['Nf3', 'O-O'], ['h3', 'Re8+\n'], ['Be3', 'Nc6'], ['O-O', 'h6'], ['a3', 'Bf5'], ['g4', 'Bxg4'], ['hxg4', 'Nxg4'], ['Qd3', 'Qf6'], ['Kg2', 'Ne7\n'], ['Ne4', 'Qg6'], ['Ng3', 'Nxe3+'], ['Qxe3', 'Nf5'], ['Qd3', 'Bxg3'], ['fxg3', 'Qxg3+'], ['Kh1', 'Ne3\n'], ['Bxf7+', 'Kh8'], ['Qg6', 'Nxf1'], ['Rxf1', 'Qh3+'], ['Kg1', 'Re3'], ['Rf2', 'Rxf3'], ['Rg2', 'Rxf7\n'], ['Qxf7', 'Qe3+'], ['Qf2', 'Qxf2+'], ['Rxf2', 'Rd8'], ['Rf4', 'Rd7'], ['Kf2', 'Kh7'], ['Kf3', 'g5'], ['Rf6', 'Kg7\n'], ['Re6', 'Rxd4'], ['Re7+', 'Kg6'], ['Rxc7', 'Rd3+'], ['Ke4', 'Rb3'], ['Rc2', 'h5'], ['Rd2', 'g4'], ['Kf4', 'Rf3+\n'], ['Ke5', 'Kg5'], ['Rd7', 'Rb3'], ['Rd2', 'g3'], ['Rd8', 'Kg4'], ['Rg8+', 'Kh3'], ['Kf4', 'h4']]",0-1
London m3,London,1834.??.??,44,"McDonnell, Alexander","De Labourdonnais, Louis",,,C38,"[['e4', 'e5'], ['f4', 'exf4'], ['Nf3', 'g5'], ['Bc4', 'Bg7'], ['d4', 'd6'], ['c3', 'h6'], ['Na3', 'Nc6'], ['Bd2', 'Qe7\n'], ['O-O', 'Bd7'], ['b4', 'O-O-O'], ['Bd3', 'g4'], ['Ne1', 'f3'], ['gxf3', 'Nf6'], ['b5', 'Nb8'], ['Nac2', 'Rdg8\n'], ['Kh1', 'h5'], ['Ne3', 'gxf3'], ['Qxf3', 'Bg4'], ['Qf4', 'Nbd7'], ['Nf5', 'Qe6'], ['Nf3', 'Bxf3+'], ['Qxf3', 'Ng4\n'], ['a4', 'Bh6'], ['Bxh6', 'Nxh6'], ['a5', 'Nxf5'], ['exf5', 'Qb3'], ['a6', 'd5'], ['c4', 'Nf6'], ['axb7+', 'Kb8\n'], ['c5', 'Ng4'], ['b6', 'axb6'], ['c6', '']]",1-0
London m3,London,1834.??.??,45,"De Labourdonnais, Louis","McDonnell, Alexander",,,D20,"[['d4', 'd5'], ['c4', 'dxc4'], ['e3', 'e5'], ['Bxc4', 'exd4'], ['exd4', 'Nf6'], ['Nc3', 'Bd6'], ['Nf3', 'Nc6'], ['O-O', 'O-O\n'], ['h3', 'h6'], ['a3', 'Bf5'], ['g4', 'Nxg4'], ['hxg4', 'Bxg4'], ['Be2', 'Bxf3'], ['Bxf3', 'Qh4'], ['Re1', 'Nxd4\n'], ['Ne4', 'Bh2+'], ['Kf1', 'Rad8'], ['Be3', 'Nf5'], ['Qc2', 'Qh3+'], ['Bg2', 'Qg4'], ['f3', 'Qg6'], ['Bf2', 'Ne7\n'], ['Rad1', 'Nd5'], ['Bc5', 'Qc6'], ['Qb3', 'Nf4'], ['Bxf8', 'Qa6+'], ['Kf2', 'Rxd1'], ['Bf1', 'Bg1+'], ['Kxg1', 'Rxe1\n'], ['Nd2', 'Qe2']]",0-1
London m3,London,1834.??.??,46,"McDonnell, Alexander","De Labourdonnais, Louis",,,C33,"[['e4', 'e5'], ['f4', 'exf4'], ['Bc4', 'Qh4+'], ['Kf1', 'g5'], ['Nc3', 'Bg7'], ['d4', 'd6'], ['Nd5', 'Kd8'], ['Be2', 'Nf6\n'], ['Nxf6', 'Bxf6'], ['e5', 'Be7'], ['Qd3', 'Nc6'], ['c3', 'Bd7'], ['g3', 'Qh6'], ['exd6', 'Bxd6'], ['h4', 'g4\n'], ['Bd1', 'Qf6'], ['Ke1', 'Qe7+'], ['Kf2', 'Re8'], ['gxf4', 'Qe1+'], ['Kg2', 'Qe4+'], ['Qxe4', 'Rxe4'], ['Bc2', 'Re8\n'], ['Bxh7', 'Be6'], ['Kg3', 'Bd5'], ['Rh2', 'Re1'], ['Ne2', 'Bc4'], ['d5', 'Ne7'], ['Nd4', 'Nxd5'], ['h5', 'Rg1+\n'], ['Kf2', 'Rf1+'], ['Kg3', 'Nxf4'], ['Kxg4', 'Kd7'], ['b3', 'Be6+'], ['Nxe6', 'Nxe6'], ['Re2', 'Rh8'], ['Be4', 'Rg8+\n'], ['Kh4', 'Be7+'], ['Kh3', 'Bd6'], ['h6', 'Rxc1'], ['h7', 'Rxc3+'], ['Kh4', 'Be7+'], ['Kh5', 'Rh3+']]",0-1
London m4,London,1834.??.??,47,"McDonnell, Alexander","De Labourdonnais, Louis",,,C23,"[['e4', 'e5'], ['Bc4', 'Bc5'], ['c3', 'Qe7'], ['Nf3', 'd6'], ['O-O', 'Bb6'], ['d4', 'Nf6'], ['Na3', 'Bg4'], ['Nc2', 'Nbd7\n'], ['Qd3', 'd5'], ['exd5', 'e4'], ['Qd2', 'exf3'], ['Re1', 'Ne4'], ['Qf4', 'f5'], ['gxf3', 'g5'], ['Qe3', 'Ne5\n'], ['Bb5+', 'c6'], ['fxg4', 'Nxg4'], ['Qe2', 'cxb5'], ['f3', 'Ngf6'], ['fxe4', 'Nxe4'], ['Qxb5+', 'Qd7\n'], ['Qxd7+', 'Kxd7'], ['c4', 'Rae8'], ['c5', 'Bd8'], ['d6', 'f4'], ['b4', 'Rhf8'], ['Rf1', 'h5'], ['Na3', 'Bf6\n'], ['Bb2', 'g4'], ['Nc4', 'f3'], ['Ne5+', 'Bxe5'], ['dxe5', 'h4'], ['Rad1', 'f2+'], ['Kh1', 'h3'], ['Rd3', 'Rg8\n'], ['b5', 'g3'], ['hxg3', 'Rxg3'], ['Rd4', 'Reg8'], ['e6+', 'Kd8'], ['Rdd1', 'h2'], ['e7+', 'Kd7'], ['c6+', 'bxc6\n'], ['bxc6+', 'Kxc6'], ['e8=Q+', 'Rxe8'], ['Kxh2', 'Re6'], ['Rc1+', 'Kb5'], ['a4+', 'Kb4'], ['Bc3+', 'Rxc3\n'], ['Rxc3', 'Kxc3'], ['d7', 'Rd6'], ['Kg2', 'Rxd7'], ['Rc1+', 'Kd3'], ['Kf1', 'Ke3']]",0-1
London m4,London,1834.??.??,48,"De Labourdonnais, Louis","McDonnell, Alexander",,,D20,"[['d4', 'd5'], ['c4', 'dxc4'], ['e3', 'e5'], ['Bxc4', 'exd4'], ['exd4', 'Nf6'], ['Nc3', 'Bd6'], ['Nf3', 'O-O'], ['h3', 'Nc6\n'], ['O-O', 'h6'], ['Qd3', 'Na5'], ['Bb5', 'a6'], ['Ba4', 'c5'], ['Bc2', 'c4'], ['Qe2', 'b5'], ['Ne4', 'Bb7'], ['Bd2', 'Nxe4\n'], ['Bxe4', 'Re8'], ['Ne5', 'Bxe5'], ['dxe5', 'Bxe4'], ['Bxa5', 'Qd5'], ['f4', 'Re6'], ['Rad1', 'Qc6'], ['Rf2', 'Rae8\n'], ['Bc3', 'f5'], ['Kh2', 'Kh7'], ['g4', 'g6'], ['Qe3', 'Bd3'], ['Rg2', 'Be4'], ['Rg3', 'Qc7'], ['Rd4', 'Rf8\n'], ['Rd6', 'Rfe8'], ['Qd4', 'R8e7'], ['h4', 'Bd3'], ['h5', 'fxg4'], ['hxg6+', 'Bxg6'], ['Rxg4', 'Bf5'], ['Rg2', 'Qb7\n'], ['Rxe6', 'Rxe6'], ['Rd2', 'Qf7'], ['Kg1', 'Rg6+'], ['Rg2', 'Bh3'], ['Rxg6', 'Qxg6+'], ['Kf2', 'Qg2+\n'], ['Ke1', 'Qh1+'], ['Kd2', 'Bg4'], ['Kc2', 'Qg2+'], ['Bd2', 'a5'], ['a3', 'Bf5+'], ['Kc3', 'Qf3+'], ['Qe3', 'Qd5\n'], ['Qa7+', 'Kg6'], ['Qb6+', 'Kf7'], ['Qa7+', 'Bd7'], ['Kc2', 'Qd3+'], ['Kc1', 'a4'], ['Be1', 'Qf5'], ['Qf2', 'Qg4\n'], ['Kd2', 'h5'], ['Ke3', 'Kg6'], ['Qc2+', 'Bf5'], ['Qe2', 'Qg1+'], ['Qf2', 'Qxf2+'], ['Kxf2', 'h4'], ['Kf3', 'Kh5\n'], ['Bd2', 'Be6'], ['Kg2', 'Kg4'], ['Bc1', 'h3+'], ['Kh2', 'Kf3'], ['Bd2', 'Ke2'], ['Bc3', 'Kd3'], ['Kg3', 'Kc2\n'], ['Kh2', 'Kb3'], ['Kg3', 'b4'], ['axb4', 'a3'], ['bxa3', 'Kxc3'], ['b5', 'Kd2'], ['b6', 'Bd5'], ['e6', 'c3\n'], ['e7', 'c2'], ['e8=Q', 'c1=Q'], ['Kxh3', 'Qh1+'], ['Kg4', 'Bf3+'], ['Kf5', 'Qb1+'], ['Kg5', 'Qg1+'], ['Kf6', 'Qxb6+\n'], ['Qe6', 'Qd8+'], ['Kg6', 'Bd5'], ['Qf6', 'Qg8+'], ['Kh6', 'Ke2'], ['a4', 'Be4'], ['a5', 'Qh7+'], ['Kg5', 'Qg8+\n'], ['Kh6', '']]",1/2-1/2
London m4,London,1834.??.??,49,"De Labourdonnais, Louis","McDonnell, Alexander",,,C23,"[['e4', 'e5'], ['Bc4', 'Bc5'], ['Nf3', 'd6'], ['c3', 'Qe7'], ['O-O', 'Nf6'], ['d4', 'Bb6'], ['Bg5', 'c6'], ['Nbd2', 'h6\n'], ['Bh4', 'g5'], ['Bg3', 'Bc7'], ['Bb3', 'Bg4'], ['Qe1', 'Nbd7'], ['Qe3', 'Nh7'], ['h3', 'Bxf3'], ['Qxf3', 'Nhf8\n'], ['Nc4', 'h5'], ['Ne3', 'f6'], ['Nf5', 'Qh7'], ['h4', 'Ng6'], ['Rfd1', 'O-O-O'], ['a4', 'Nf4'], ['a5', 'd5\n'], ['Bc2', 'Qf7'], ['Bxf4', 'g4'], ['Qe2', 'exf4'], ['a6', 'b6'], ['exd5', 'Rhe8'], ['Qc4', 'Qxd5'], ['Qxd5', 'cxd5\n'], ['Re1', 'Kb8'], ['Ne7', 'Ne5'], ['dxe5', 'Rxe7'], ['exf6', 'Rf7'], ['Re6', 'Rd6'], ['Rae1', 'Rxe6'], ['Rxe6', 'Bd8\n'], ['Bg6', 'Rxf6'], ['Rxf6', 'Bxf6'], ['g3', 'fxg3'], ['fxg3', 'd4'], ['c4', 'Kc7'], ['Bxh5', 'd3'], ['b3', 'Kd6\n'], ['Bxg4', 'Kc5'], ['Bd1', 'Kb4'], ['Kf2', 'Kc3'], ['Ke3', 'Bd4+'], ['Ke4', 'Bf2'], ['Kf4', 'Kd2'], ['Bf3', 'Kc3\n'], ['Bd1', 'Kd2'], ['Bg4', 'Kc3'], ['Kf3', 'Bd4'], ['Bf5', 'd2'], ['Ke2', 'Bf2'], ['h5', 'Bxg3'], ['Kd1', 'Bf4\n'], ['Be6', 'Bh6'], ['Bf5', 'Bg5']]",1/2-1/2
London m4,London,1834.??.??,50,"De Labourdonnais, Louis","McDonnell, Alexander",,,D20,"[['d4', 'd5'], ['c4', 'dxc4'], ['e4', 'e5'], ['d5', 'f5'], ['Nc3', 'Nf6'], ['Bxc4', 'Bc5'], ['Nf3', 'Qe7'], ['Bg5', 'Bxf2+\n'], ['Kf1', 'Bb6'], ['Qe2', 'f4'], ['Rd1', 'Bg4'], ['d6', 'cxd6'], ['Nd5', 'Nxd5'], ['Bxe7', 'Ne3+'], ['Ke1', 'Kxe7\n'], ['Qd3', 'Rd8'], ['Rd2', 'Nc6'], ['b3', 'Ba5'], ['a3', 'Rac8'], ['Rg1', 'b5'], ['Bxb5', 'Bxf3'], ['gxf3', 'Nd4\n'], ['Bc4', 'Nxf3+'], ['Kf2', 'Nxd2'], ['Rxg7+', 'Kf6'], ['Rf7+', 'Kg6'], ['Rb7', 'Ndxc4'], ['bxc4', 'Rxc4\n'], ['Qb1', 'Bb6'], ['Kf3', 'Rc3'], ['Qa2', 'Nc4+'], ['Kg4', 'Rg8'], ['Rxb6', 'axb6'], ['Kh4', 'Kf6'], ['Qe2', 'Rg6\n'], ['Qh5', 'Ne3']]",0-1
London m4,London,1834.??.??,51,"McDonnell, Alexander","De Labourdonnais, Louis",,,C51,"[['e4', 'e5'], ['Nf3', 'Nc6'], ['Bc4', 'Bc5'], ['b4', 'Bxb4'], ['c3', 'Be7'], ['d4', 'd6'], ['Qb3', 'Na5'], ['Qa4+', 'c6\n'], ['Bd3', 'b5'], ['Qc2', 'Bf6'], ['dxe5', 'dxe5'], ['O-O', 'Ne7'], ['Ba3', 'O-O'], ['Nbd2', 'Be6'], ['Rad1', 'Qc7\n'], ['Nb3', 'Nc4'], ['Bc1', 'Rfd8'], ['h3', 'c5'], ['Nh2', 'Ng6'], ['Ng4', 'Nd6'], ['Be2', 'Be7'], ['f4', 'exf4\n'], ['Bxf4', 'Nxf4'], ['Rxf4', 'Nc4'], ['Rf3', 'Bxg4'], ['hxg4', 'Ne5'], ['Rh3', 'Rxd1+'], ['Qxd1', 'Rd8\n'], ['Qf1', 'c4'], ['Nd4', 'Bc5'], ['Qf5', 'g6'], ['Qf2', 'Qe7'], ['Kh1', 'b4'], ['Qe3', 'bxc3'], ['Qh6', 'f6\n'], ['Ne6', 'Qxe6'], ['Qxh7+', 'Kf8'], ['Qc7', 'Be7'], ['Rxc3', 'Qb6'], ['Qxb6', 'axb6'], ['a4', 'Bb4'], ['Rc1', 'c3\n'], ['Kh2', 'Rd2']]",0-1
London m4,London,1834.??.??,52,"De Labourdonnais, Louis","McDonnell, Alexander",,,C51,"[['e4', 'e5'], ['Nf3', 'Nc6'], ['Bc4', 'Bc5'], ['b4', 'Bxb4'], ['c3', 'Bd6'], ['d4', 'h6'], ['O-O', 'g5'], ['Nxe5', 'Bxe5\n'], ['dxe5', 'Nxe5'], ['Bb3', 'g4'], ['Bf4', 'Ng6'], ['Qxg4', 'd6'], ['Qf3', 'Qf6'], ['Bg3', 'Qxf3'], ['gxf3', 'f5\n'], ['f4', 'fxe4'], ['Nd2', 'Nf6'], ['Nxe4', 'Nxe4'], ['Rfe1', 'Bg4'], ['Rxe4+', 'Kd7'], ['Rae1', 'Raf8\n'], ['Rb4', 'b6'], ['Ba4+', 'c6'], ['f5', 'Bxf5'], ['Rd4', 'Rf6'], ['Red1', 'b5'], ['Rxd6+', 'Rxd6'], ['Rxd6+', 'Ke7\n'], ['Bb3', 'Rc8'], ['h4', 'Nxh4'], ['Rxh6', 'Nf3+'], ['Kg2', 'Ne1+'], ['Kf1', 'Nd3'], ['Bc2', 'c5'], ['Rh5', 'Be4\n'], ['f3', 'Rf8'], ['Bxd3', 'Rxf3+'], ['Bf2', 'Bxd3+'], ['Kg2', 'Rf5'], ['Bxc5+', 'Kf7'], ['Rxf5+', 'Bxf5']]",1/2-1/2
London m4,London,1834.??.??,53,"De Labourdonnais, Louis","McDonnell, Alexander",,,C51,"[['e4', 'e5'], ['Nf3', 'Nc6'], ['Bc4', 'Bc5'], ['b4', 'Bxb4'], ['c3', 'Bd6'], ['O-O', 'h6'], ['d4', 'Nf6'], ['dxe5', 'Bxe5\n'], ['Nxe5', 'Nxe5'], ['Bb3', 'Qe7'], ['f4', 'Qc5+'], ['Kh1', 'Neg4'], ['Qe2', 'Qh5'], ['h3', 'O-O'], ['e5', 'Re8\n'], ['Qf3', 'Qh4'], ['exf6', 'd6'], ['Na3', 'Re1'], ['Bd2', 'Nf2+'], ['Kh2', 'Bxh3'], ['Qxf2', 'Qxf2'], ['Rxf2', 'Rxa1\n'], ['gxh3', 'g6'], ['Rg2', 'Kf8'], ['f5', 'g5'], ['h4', '']]",1-0
London m4,London,1834.??.??,54,"McDonnell, Alexander","De Labourdonnais, Louis",,,C37,"[['e4', 'e5'], ['f4', 'exf4'], ['Nf3', 'g5'], ['Bc4', 'g4'], ['Nc3', 'gxf3'], ['Qxf3', 'Bh6'], ['d4', 'Nc6'], ['O-O', 'Nxd4\n'], ['Bxf7+', 'Kxf7'], ['Qh5+', 'Kg7'], ['Bxf4', 'Bxf4'], ['Rxf4', 'Nf6'], ['Qg5+', 'Kf7'], ['Raf1', 'Ke8\n'], ['Rxf6', 'Qe7'], ['Nd5', 'Qc5'], ['Kh1', 'Ne6'], ['Rxe6+', 'dxe6'], ['Nf6+', '']]",1-0
London m4,London,1834.??.??,55,"De Labourdonnais, Louis","McDonnell, Alexander",,,C38,"[['e4', 'e5'], ['f4', 'exf4'], ['Nf3', 'g5'], ['Bc4', 'Bg7'], ['h4', 'h6'], ['d4', 'd6'], ['c3', 'Nc6'], ['hxg5', 'hxg5\n'], ['Rxh8', 'Bxh8'], ['Qe2', 'Qe7'], ['Na3', 'Bg4'], ['Bd2', 'O-O-O'], ['O-O-O', 'Nf6'], ['Bd3', 'Re8'], ['Re1', 'Nh5\n'], ['Qf2', 'Bxf3'], ['gxf3', 'a6'], ['Bc2', 'Ng3'], ['Ba4', 'Bg7'], ['d5', 'Nb8'], ['Bxe8', 'Qxe8'], ['Qg2', 'Qh8\n'], ['Rd1', 'f5'], ['Be1', 'Be5'], ['exf5', 'Qh7'], ['Nc4', 'Qxf5'], ['Nxe5', 'Qxe5'], ['Bxg3', 'fxg3'], ['Rg1', 'Qxd5\n'], ['Qxg3', 'b6'], ['Qg4+', 'Nd7'], ['Rd1', 'Qe5'], ['Rg1', 'Qe3+'], ['Kb1', 'c6'], ['Rh1', 'Kc7'], ['a3', 'b5\n'], ['Ka2', 'Qe8'], ['Qf5', 'Qe2'], ['Qxg5', 'Qxf3'], ['Rh6', 'Qe4'], ['Qg8', 'Qe2'], ['Rh8', 'Kb6'], ['Rh7', 'Kc7\n'], ['Qf7', 'Kb6'], ['Rg7', 'Qe4'], ['Qf2+', 'Nc5'], ['Rg1', 'Qc4+'], ['Ka1', 'a5'], ['Rd1', 'Kc7'], ['Qf6', 'Nb7\n'], ['Rg1', 'c5'], ['Rg7+', 'Kb6'], ['Qf7', 'Qe4'], ['Ka2', 'a4'], ['Rg8', 'Qc6'], ['Qe6', 'Qf3'], ['Rc8', 'Qh1\n'], ['Qf7', 'Ka7'], ['c4', 'Qh3'], ['Rc7', 'Qb3+'], ['Kb1', 'bxc4'], ['Qd5', 'Qb6'], ['Qc6', 'Qxc6'], ['Rxc6', 'd5\n'], ['Kc2', 'd4'], ['Kd1', 'Kb8'], ['Ra6', 'Kc7'], ['Rxa4', 'Nd6'], ['Ra6', 'Ne4'], ['Kc2', 'Nd6'], ['a4', 'Nc8\n'], ['a5', 'Kb7'], ['Rf6', 'Na7'], ['b3', 'c3'], ['b4', 'cxb4'], ['Rb6+', 'Kc7'], ['Rxb4', 'Nc6'], ['Rb5', 'Na7\n'], ['Rb1', 'Kc6'], ['a6', 'Nc8'], ['Kd3', 'Kc7'], ['Kxd4', 'c2'], ['Rc1', 'Kb6'], ['Rxc2', 'Na7'], ['Ra2', 'Nc6+\n'], ['Kc4', 'Na7'], ['Ra1', 'Nc6'], ['Ra3', 'Na7'], ['Kd5', 'Nb5'], ['Rb3', 'Kxa6'], ['Kc5', 'Na7'], ['Rb8', 'Ka5']]",1/2-1/2
London m4,London,1834.??.??,56,"De Labourdonnais, Louis","McDonnell, Alexander",,,C51,"[['e4', 'e5'], ['Nf3', 'Nc6'], ['Bc4', 'Bc5'], ['b4', 'Bxb4'], ['c3', 'Ba5'], ['O-O', 'd6'], ['d4', 'exd4'], ['cxd4', 'Bb6\n'], ['Bb2', 'Nf6'], ['d5', 'Na5'], ['Bd3', 'O-O'], ['h3', 'Nh5'], ['Qd2', 'f5'], ['Nc3', 'f4'], ['Rfe1', 'a6'], ['e5', 'Bf5\n'], ['e6', 'Qe7'], ['Na4', 'Bxd3'], ['Qxd3', 'Ba7'], ['Bc3', 'b6'], ['Nd4', 'Qg5'], ['Nf3', 'Qf5'], ['Qxf5', 'Rxf5\n'], ['Bxa5', 'bxa5'], ['Rac1', 'Rc8'], ['Rc6', 'Rxd5'], ['Rec1', 'Ng3'], ['Re1', 'Nf5'], ['e7', 'Re8'], ['Rxc7', 'Bd4\n'], ['Ng5', 'h6'], ['Rc8', 'hxg5'], ['Rxe8+', 'Kh7'], ['Rh8+', 'Kxh8'], ['e8=Q+', 'Kh7'], ['Qf7', 'Rb5'], ['Re6', '']]",1-0
London m4,London,1834.??.??,57,"McDonnell, Alexander","De Labourdonnais, Louis",,,B32,"[['e4', 'c5'], ['Nf3', 'Nc6'], ['d4', 'cxd4'], ['Nxd4', 'e5'], ['Nxc6', 'bxc6'], ['Bc4', 'Nf6'], ['Bg5', 'Bc5'], ['O-O', 'h6\n'], ['Bxf6', 'Qxf6'], ['Nc3', 'a5'], ['Kh1', 'd6'], ['Qd2', 'g5'], ['Rad1', 'Ke7'], ['Na4', 'Bd4'], ['Qd3', 'h5\n'], ['Qb3', 'h4'], ['f3', 'h3'], ['g3', 'Bd7'], ['c3', 'Rab8'], ['Qc2', 'Ba7'], ['Qd2', 'Rhg8'], ['b3', 'Rbd8\n'], ['Nb2', 'Rg7'], ['Be2', 'Qg6'], ['Nc4', 'Bc5'], ['Nxa5', 'Rb8'], ['b4', 'Bb6'], ['Nc4', 'Qf6'], ['Nxd6', 'Rgg8\n'], ['Nxf7', 'Be6'], ['Nd6', 'Rgd8'], ['c4', 'Bxc4'], ['Bxc4', 'Rxd6'], ['Qxd6+', 'Qxd6'], ['Rxd6', 'Kxd6\n'], ['Rb1', 'Bd4'], ['Bf1', 'Ra8'], ['Bxh3', 'Rxa2'], ['Bg2', 'Rb2'], ['Rxb2', 'Bxb2'], ['Bf1', 'Ke6'], ['Kg2', 'Kf6\n'], ['Kh3', 'Bc3'], ['b5', 'cxb5'], ['Bxb5', 'Bd4'], ['Kg4', 'Be3'], ['h4', 'gxh4'], ['Kxh4', 'Bc5'], ['Kg4', 'Bf2\n'], ['f4', 'Bd4'], ['Kf3', 'Bc3'], ['Kg4', 'Bd4'], ['Kh5', 'Bf2'], ['Kg4', 'Bd4'], ['Bd3', 'Be3'], ['Kf3', 'Bd2']]",1/2-1/2
London m4,London,1834.??.??,58,"McDonnell, Alexander","De Labourdonnais, Louis",,,B32,"[['e4', 'c5'], ['Nf3', 'Nc6'], ['d4', 'cxd4'], ['Nxd4', 'Nxd4'], ['Qxd4', 'e6'], ['Bc4', 'Ne7'], ['Nc3', 'Nc6'], ['Qd1', 'Bc5\n'], ['O-O', 'O-O'], ['Kh1', 'f5'], ['exf5', 'Rxf5'], ['Bd3', 'Rf8'], ['Qh5', 'Rf5'], ['Bxf5', 'exf5'], ['Qxf5', 'd6\n'], ['Qd5+', 'Kh8'], ['Bg5', 'Qf8'], ['Ne4', 'Nb4'], ['Qb3', 'Bf5'], ['Rae1', 'Bd7'], ['a4', '']]",1-0
London m4,London,1834.??.??,59,"De Labourdonnais, Louis","McDonnell, Alexander",,,C51,"[['e4', 'e5'], ['Nf3', 'Nc6'], ['Bc4', 'Bc5'], ['b4', 'Bxb4'], ['c3', 'Ba5'], ['O-O', 'd6'], ['d4', 'exd4'], ['cxd4', 'Bb6\n'], ['d5', 'Ne5'], ['Nxe5', 'dxe5'], ['Nd2', 'Ne7'], ['Nf3', 'Qd6'], ['Bb5+', 'Bd7'], ['Bxd7+', 'Kxd7'], ['Qa4+', 'Kd8\n'], ['Ba3', 'Qf6'], ['d6', 'Nc6'], ['Rad1', 'Nd4'], ['Nxd4', 'Bxd4'], ['Kh1', 'c5'], ['Rxd4', 'cxd4'], ['f4', 'exf4\n'], ['Bc5', 'd3'], ['Bb6+', 'axb6'], ['Qxa8+', 'Kd7'], ['Qxh8', 'f3'], ['gxf3', 'd2'], ['Qb8', 'Qxf3+'], ['Rxf3', 'd1=Q+\n'], ['Kg2', 'Qd2+'], ['Rf2', 'Qg5+'], ['Kf3', 'Qf6+'], ['Ke2', 'Qb2+'], ['Kf1', 'Qc1+'], ['Ke2', 'Qb2+'], ['Kd3', 'Qa3+\n'], ['Ke2', 'Qb2+'], ['Kf3', 'Qf6+'], ['Kg4', 'Qg6+']]",1/2-1/2
London m4,London,1834.??.??,60,"De Labourdonnais, Louis","McDonnell, Alexander",,,C51,"[['e4', 'e5'], ['Nf3', 'Nc6'], ['Bc4', 'Bc5'], ['b4', 'Bxb4'], ['c3', 'Ba5'], ['O-O', 'd6'], ['d4', 'exd4'], ['cxd4', 'Bb6\n'], ['d5', 'Ne5'], ['Nxe5', 'dxe5'], ['Nd2', 'Qf6'], ['Nf3', 'Ne7'], ['Bb2', 'Ng6'], ['Kh1', 'O-O'], ['Nxe5', 'Nxe5\n'], ['f4', 'Nxc4'], ['Bxf6', 'gxf6'], ['Rf3', 'Kh8'], ['Qd3', 'Nd6'], ['f5', 'Rg8'], ['Rf4', 'Bd7'], ['Qc3', 'Rg7\n'], ['Qxf6', 'Rg8'], ['Rh4', 'Be3'], ['Qc3', 'Bg5'], ['Rg4', 'f6'], ['h4', 'h5'], ['hxg5', 'hxg4'], ['g6', 'Nxe4\n'], ['Qxc7', 'Re8'], ['Rf1', 'g3'], ['Qf4', 'Kg8'], ['Kg1', 'Re5'], ['Qe3', 'b6'], ['Qd4', 'Nd6'], ['Qh4', 'Ne4\n'], ['d6', 'a5'], ['Rf4', 'Nc3'], ['Rf1', 'Ne2+'], ['Kh1', 'Bxf5'], ['Rxf5', 'Re8'], ['Qc4+', '']]",1-0
London m4,London,1834.??.??,61,"McDonnell, Alexander","De Labourdonnais, Louis",,,B32,"[['e4', 'c5'], ['Nf3', 'Nc6'], ['d4', 'cxd4'], ['Nxd4', 'e5'], ['Nxc6', 'bxc6'], ['Bc4', 'Nf6'], ['Qe2', 'Be7'], ['Nc3', 'O-O\n'], ['Bg5', 'Nxe4'], ['Bxe7', 'Nxc3'], ['Qxe5', 'Re8'], ['O-O', 'Qxe7'], ['Qxc3', 'd5'], ['Bd3', 'Qd6'], ['Rad1', 'Bd7\n'], ['Qd4', 'c5'], ['Qh4', 'g6'], ['c3', 'Bc6'], ['f4', 'c4'], ['Bb1', 'Re2'], ['Rf2', 'Rae8'], ['f5', 'Qe5'], ['Rdf1', 'Qe3\n'], ['fxg6', 'fxg6'], ['Qf6', 'Rxf2'], ['Qxf2', 'Kg7'], ['Qxe3', 'Rxe3'], ['Kf2', 'Re5'], ['Re1', 'Rxe1\n'], ['Kxe1', '']]",1/2-1/2
London m4,London,1834.??.??,62,"McDonnell, Alexander","De Labourdonnais, Louis",,,B32,"[['e4', 'c5'], ['Nf3', 'Nc6'], ['d4', 'cxd4'], ['Nxd4', 'e5'], ['Nxc6', 'bxc6'], ['Bc4', 'Nf6'], ['Bg5', 'Be7'], ['Qe2', 'd5\n'], ['Bxf6', 'Bxf6'], ['Bb3', 'O-O'], ['O-O', 'a5'], ['exd5', 'cxd5'], ['Rd1', 'd4'], ['c4', 'Qb6'], ['Bc2', 'Bb7\n'], ['Nd2', 'Rae8'], ['Ne4', 'Bd8'], ['c5', 'Qc6'], ['f3', 'Be7'], ['Rac1', 'f5'], ['Qc4+', 'Kh8'], ['Ba4', 'Qh6\n'], ['Bxe8', 'fxe4'], ['c6', 'exf3'], ['Rc2', 'Qe3+'], ['Kh1', 'Bc8'], ['Bd7', 'f2'], ['Rf1', 'd3'], ['Rc3', 'Bxd7\n'], ['cxd7', 'e4'], ['Qc8', 'Bd8'], ['Qc4', 'Qe1'], ['Rc1', 'd2'], ['Qc5', 'Rg8'], ['Rd1', 'e3'], ['Qc3', 'Qxd1\n'], ['Rxd1', 'e2']]",0-1
London m4,London,1834.??.??,63,"De Labourdonnais, Louis","McDonnell, Alexander",,,C51,"[['e4', 'e5'], ['Nf3', 'Nc6'], ['Bc4', 'Bc5'], ['b4', 'Bxb4'], ['c3', 'Ba5'], ['O-O', 'd6'], ['d4', 'exd4'], ['cxd4', 'Bb6\n'], ['d5', 'Na5'], ['Bd3', 'Nf6'], ['Nc3', 'O-O'], ['h3', 'Bd7'], ['Bg5', 'h6'], ['Bh4', 'g5'], ['Nxg5', 'hxg5\n'], ['Bxg5', 'Bd4'], ['Ne2', 'Bxa1'], ['Qxa1', 'Kg7'], ['f4', 'Qe7'], ['Qc3', 'b6'], ['Rf3', 'Nc4'], ['Bxf6+', 'Qxf6\n'], ['Rg3+', '']]",1-0
London m4,London,1834.??.??,64,"McDonnell, Alexander","De Labourdonnais, Louis",,,B30,"[['e4', 'c5'], ['Nf3', 'Nc6'], ['Bc4', 'e6'], ['Nc3', 'Nf6'], ['e5', 'd5'], ['exf6', 'dxc4'], ['fxg7', 'Bxg7'], ['Ne4', 'Qd5\n'], ['Ng3', 'h5'], ['h4', 'e5'], ['O-O', 'Bg4'], ['Qe2', 'f5'], ['Qe3', 'Bxf3'], ['Qxf3', 'Qxf3'], ['gxf3', 'Nd4\n'], ['Kg2', 'Nxc2'], ['Rb1', 'Nd4'], ['b3', 'cxb3'], ['axb3', 'O-O-O'], ['d3', 'Bf6'], ['f4', 'Rhg8'], ['Kh3', 'exf4\n'], ['Bxf4', 'Rg6'], ['Bg5', 'Bxg5'], ['hxg5', 'Ne6'], ['Nxf5', 'Rxd3+'], ['Ng3', 'Rxg5'], ['b4', 'Rd4'], ['bxc5', 'Rxc5\n'], ['Rfc1', 'Rxc1'], ['Rxc1+', 'Kd7'], ['Kg2', '']]",0-1
London m5,London,1834.??.??,65,"McDonnell, Alexander","De Labourdonnais, Louis",,,C51,"[['e4', 'e5'], ['Nf3', 'Nc6'], ['Bc4', 'Bc5'], ['b4', 'Bxb4'], ['c3', 'Ba5'], ['O-O', 'Bb6'], ['d4', 'exd4'], ['cxd4', 'd6\n'], ['h3', 'h6'], ['Nc3', 'Nge7'], ['Bb2', 'O-O'], ['Ne2', 'Ng6'], ['Ng3', 'Kh8'], ['Qc2', 'Nh4'], ['Nxh4', 'Qxh4\n'], ['Rad1', 'Bd7'], ['Kh2', 'f5'], ['d5', 'Ne5'], ['Bxe5', 'dxe5'], ['exf5', 'Qf4'], ['Bd3', 'Rae8'], ['Rde1', 'Qb4\n'], ['Re4', 'Qd6'], ['Rg4', 'Qxd5'], ['Nh5', 'Re7'], ['f6', 'gxf6'], ['Qc1', 'Bxg4'], ['Qxh6+', 'Kg8'], ['Qg6+', 'Kh8']]",1/2-1/2
London m5,London,1834.??.??,66,"McDonnell, Alexander","De Labourdonnais, Louis",,,C51,"[['e4', 'e5'], ['Nf3', 'Nc6'], ['Bc4', 'Bc5'], ['b4', 'Bxb4'], ['c3', 'Bc5'], ['O-O', 'Bb6'], ['d4', 'exd4'], ['cxd4', 'd6\n'], ['h3', 'h6'], ['Bb2', 'Qe7'], ['e5', 'dxe5'], ['Ba3', 'Qf6'], ['Re1', 'Bd7'], ['dxe5', 'Qf5'], ['Nc3', 'O-O-O\n'], ['Nd5', 'Be6'], ['Bd3', 'Rxd5'], ['Bxf5', 'Rxd1'], ['Bxe6+', 'fxe6'], ['Raxd1', 'Nge7'], ['Rd3', 'Nd5\n'], ['g3', 'g5'], ['Kg2', 'Rg8'], ['Re4', 'a5'], ['Ne1', 'Ncb4'], ['Bxb4', 'axb4'], ['a3', 'bxa3'], ['Rxa3', 'Kd7\n'], ['Rf3', 'c5'], ['Rf7+', 'Kc6'], ['Rh7', 'Rg6'], ['h4', 'gxh4'], ['Rxh4', 'Ba5'], ['Nf3', 'Nc7'], ['R7xh6', 'Rg7\n'], ['Kf1', 'b5'], ['Ke2', 'Kd5'], ['Rh7', 'Rg8'], ['Rd7+', 'Kc6'], ['Rd6+', 'Kb7'], ['Rh7', 'b4'], ['Nd2', 'Ra8\n'], ['Rxe6', 'Bb6'], ['Nc4', 'Ra2+'], ['Kd3', 'Ba7'], ['Rf6', 'Ra1'], ['e6', 'Re1'], ['e7', 'b3'], ['Na5+', 'Kc8\n'], ['Rf8+', 'Ne8'], ['Rxe8+', 'Kc7'], ['Nxb3', '']]",1-0
London m5,London,1834.??.??,67,"De Labourdonnais, Louis","McDonnell, Alexander",,,C51,"[['e4', 'e5'], ['Nf3', 'Nc6'], ['Bc4', 'Bc5'], ['b4', 'Bxb4'], ['c3', 'Bc5'], ['O-O', 'd6'], ['d4', 'exd4'], ['cxd4', 'Bb6\n'], ['d5', 'Na5'], ['Bd3', 'Nf6'], ['Nc3', 'O-O'], ['h3', 'h6'], ['Kh2', 'c5'], ['Nd2', 'Bd7'], ['Qe1', 'g5'], ['f4', 'gxf4\n'], ['Rxf4', 'c4'], ['Bc2', 'Bd4'], ['Nf3', 'Bxc3'], ['Qxc3', 'Nh5'], ['Rh4', 'Ng7'], ['Bxh6', 'f6'], ['Bxg7', 'Kxg7\n'], ['e5', 'fxe5'], ['Rh7+', 'Kg8'], ['Nxe5', 'Bf5'], ['Nf7', 'Qf6'], ['Qxf6', 'Kxh7'], ['Bxf5+', 'Kg8'], ['Nh6+', '']]",1-0
London m5,London,1834.??.??,68,"McDonnell, Alexander","De Labourdonnais, Louis",,,B21,"[['e4', 'c5'], ['f4', 'Nc6'], ['Nf3', 'e6'], ['c3', 'd5'], ['e5', 'f6'], ['Bd3', 'Nh6'], ['Bc2', 'Bd7'], ['O-O', 'Qb6'], ['d4', 'O-O-O\n'], ['Kh1', 'Ng4'], ['a3', 'Kb8'], ['b4', 'cxd4'], ['cxd4', 'Be7'], ['Nc3', 'Rdf8'], ['Na4', 'Qc7'], ['Nc5', 'Bxc5\n'], ['bxc5', 'g5'], ['h3', 'h5'], ['Kg1', 'gxf4'], ['hxg4', 'hxg4'], ['Ne1', 'fxe5'], ['Bb2', 'g3'], ['dxe5', 'Nxe5\n'], ['Nf3', 'Nxf3+'], ['Rxf3', 'Rh4'], ['Qd2', 'Qxc5+'], ['Bd4', 'Qe7'], ['Qa5', 'a6'], ['Rb1', 'Bb5'], ['Rxb5', 'Rfh8\n'], ['Bxh8', 'Rh1+'], ['Kxh1', 'Qh4+'], ['Kg1', 'Qh2+'], ['Kf1', 'Qh1+'], ['Ke2', 'Qxg2+'], ['Ke1', 'Qh1+\n'], ['Kd2', 'Qxh8'], ['Qxa6', 'Qh2+'], ['Kc1', '']]",1-0
London m5,London,1834.??.??,69,"De Labourdonnais, Louis","McDonnell, Alexander",,,C51,"[['e4', 'e5'], ['Nf3', 'Nc6'], ['Bc4', 'Bc5'], ['b4', 'Bxb4'], ['c3', 'Ba5'], ['O-O', 'd6'], ['d4', 'exd4'], ['cxd4', 'Bb6\n'], ['d5', 'Na5'], ['Bd3', 'Nf6'], ['h3', 'h6'], ['Nc3', 'O-O'], ['Kh1', 'Nh7'], ['Qc2', 'f5'], ['exf5', 'c5'], ['g4', 'a6\n'], ['Bf4', 'Bc7'], ['a4', 'c4'], ['Be4', 'Nb3'], ['Rae1', 'Nc5'], ['Nd4', 'Nxe4'], ['Kg2', 'Neg5'], ['Bxg5', 'Qxg5\n'], ['f4', 'Qh4'], ['Ne6', 'Bxe6'], ['dxe6', 'h5'], ['Qe2', 'hxg4'], ['hxg4', 'b5'], ['Nd5', 'Rfc8'], ['e7', 'Kf7\n'], ['Rh1', '']]",1-0
London m5,London,1834.??.??,70,"McDonnell, Alexander","De Labourdonnais, Louis",,,C00,"[['e4', 'c5'], ['f4', 'Nc6'], ['c3', 'e6'], ['Nf3', 'd5'], ['e5', 'Qb6'], ['Bd3', 'f6'], ['Bc2', 'Nh6'], ['O-O', 'Nf7'], ['Kh1', 'Bd7\n'], ['d4', 'Be7'], ['a3', 'a5'], ['b3', 'f5'], ['Be3', 'O-O'], ['Nbd2', 'Rfc8'], ['h3', 'Kh8'], ['g4', 'g6'], ['Rg1', 'cxd4\n'], ['cxd4', 'g5'], ['gxf5', 'exf5'], ['fxg5', 'Nfxe5'], ['Nxe5', 'Nxe5'], ['Ra2', 'Ng6'], ['Nf3', 'Qe6\n'], ['Ne5', 'Nxe5'], ['dxe5', 'Rc3'], ['Rg3', 'Rac8'], ['Bb1', 'Be8'], ['Rf2', 'Bg6'], ['b4', 'axb4'], ['axb4', 'Rxe3\n'], ['Rxe3', 'Bxg5'], ['Re1', 'Rc1'], ['Qxc1', 'Bxc1'], ['Rxc1', 'Qxe5'], ['Rcf1', 'd4'], ['Bxf5', 'Bxf5\n'], ['Rxf5', 'Qe4+'], ['Kg1', 'd3'], ['Rf8+', 'Kg7'], ['R1f6', 'Qd4+'], ['Kf1', 'Qxf6+'], ['Rxf6', 'Kxf6\n'], ['Kf2', 'Ke5'], ['Ke3', 'd2'], ['Kxd2', 'Kd4'], ['b5', 'Kc5'], ['Kc3', 'Kxb5'], ['Kb3', 'h5']]",0-1
London m5,London,1834.??.??,71,"De Labourdonnais, Louis","McDonnell, Alexander",,,C51,"[['e4', 'e5'], ['Nf3', 'Nc6'], ['Bc4', 'Bc5'], ['b4', 'Bxb4'], ['c3', 'Ba5'], ['O-O', 'd6'], ['d4', 'exd4'], ['cxd4', 'Bb6\n'], ['d5', 'Na5'], ['Bd3', 'Nf6'], ['h3', 'O-O'], ['Kh1', 'c6'], ['Na3', 'h6'], ['Bf4', 'cxd5'], ['exd5', 'Bc7\n'], ['Qd2', 'Nh7'], ['Nb5', 'b6'], ['Bxh7+', 'Kxh7'], ['Qc2+', 'f5'], ['Qxc7', 'Qxc7'], ['Nxc7', '']]",1-0
London m5,London,1834.??.??,72,"McDonnell, Alexander","De Labourdonnais, Louis",,,C51,"[['e4', 'e5'], ['Nf3', 'Nc6'], ['Bc4', 'Bc5'], ['b4', 'Bxb4'], ['c3', 'Ba5'], ['O-O', 'Bb6'], ['d4', 'exd4'], ['cxd4', 'd6\n'], ['h3', 'h6'], ['Bb2', 'Qe7'], ['e5', 'dxe5'], ['d5', 'Na5'], ['Nxe5', 'Nf6'], ['d6', 'cxd6'], ['Bxf7+', 'Kd8\n'], ['Re1', 'Kc7'], ['Na3', 'a6'], ['Rc1+', 'Bc5'], ['Rxc5+', 'dxc5'], ['Nec4', 'Qd8'], ['Be5+', 'Kc6'], ['Qf3+', 'Nd5\n'], ['Bxd5+', 'Kd7'], ['Qf5+', 'Ke7'], ['Qf7+', '']]",1-0
London m5,London,1834.??.??,73,"De Labourdonnais, Louis","McDonnell, Alexander",,,C51,"[['e4', 'e5'], ['Nf3', 'Nc6'], ['Bc4', 'Bc5'], ['b4', 'Bxb4'], ['c3', 'Ba5'], ['O-O', 'd6'], ['d4', 'exd4'], ['cxd4', 'Bb6\n'], ['d5', 'Nce7'], ['e5', 'Ng6'], ['Bb2', 'dxe5'], ['Bxe5', 'Nf6'], ['Bxf6', 'Qxf6'], ['Re1+', 'Kf8'], ['Nbd2', 'Bf5\n'], ['Qb3', 'h6'], ['a4', 'Rb8'], ['a5', 'Bc5'], ['Bd3', 'Nf4'], ['Bxf5', 'Qxf5'], ['Ne4', 'Qg4'], ['g3', 'Nh3+\n'], ['Kg2', 'Bd6'], ['Nxd6', 'cxd6'], ['Ra4', 'Qd7'], ['Rh4', 'g5'], ['Rxh3', 'g4'], ['Rh4', 'gxf3+'], ['Qxf3', 'Qb5\n'], ['Rhe4', 'Rh7'], ['Qf5', 'Rg7'], ['Re7', 'Qxa5'], ['Rxb7', 'Qd8'], ['Rxa7', 'Qg5'], ['Qxg5', 'Rxg5'], ['Ree7', 'Rf5\n'], ['g4', 'Rf6'], ['Re2', 'Rb5'], ['Rd2', 'Kg7'], ['Rd7', 'Rb4'], ['h3', 'Kg6'], ['Rd3', 'Rbf4'], ['f3', 'Ra4\n'], ['Kg3', 'Rb4'], ['h4', 'Ra4'], ['Rd8', 'Kg7'], ['Re3', 'Ra6'], ['Ree8', 'Rg6'], ['Re7', 'Kf6'], ['Rdd7', 'Rg7\n'], ['Re3', 'Rb6'], ['f4', 'Rh7'], ['h5', 'Rg7'], ['Kh4', 'Ra6'], ['Rf3', 'Rb6'], ['Rc3', 'Rg8'], ['Rc6', 'Rxc6\n'], ['dxc6', 'Ke6'], ['f5+', 'Ke5'], ['c7', 'Rc8'], ['Rxf7', 'd5'], ['Rd7', 'd4'], ['g5', 'Kxf5'], ['g6', 'Ke6\n'], ['Rxd4', 'Rxc7'], ['Rf4', 'Ra7'], ['Rf8', 'Ra4+'], ['Kg3', 'Ra3+'], ['Kf4', 'Ra4+'], ['Ke3', 'Ra3+'], ['Kd4', 'Ra4+\n'], ['Kc3', 'Ra3+'], ['Kc4', 'Ra4+'], ['Kb3', 'Rg4'], ['Rh8', 'Kf6'], ['Rxh6', 'Kg7'], ['Rh7+', 'Kg8'], ['Kc3', 'Rh4\n'], ['Kd3', 'Rg4'], ['Ke3', 'Rh4'], ['Kf3', 'Rb4'], ['Kg3', 'Ra4'], ['Rf7', 'Rb4'], ['Rf4', 'Rb1'], ['Kg4', 'Rg1+\n'], ['Kh4', 'Kg7'], ['Rf7+', 'Kg8'], ['Rf3', 'Kg7'], ['Rg3', 'Ra1'], ['Rg4', 'Rb1'], ['Re4', 'Rg1'], ['Re3', 'Kh6\n'], ['Re7', 'Rh1+'], ['Kg4', 'Rg1+'], ['Kf5', 'Rf1+'], ['Ke6', 'Kxh5'], ['g7', 'Rg1'], ['Kf7', 'Rf1+'], ['Ke8', 'Rg1\n'], ['Kf8', '']]",1-0
London m5,London,1834.??.??,74,"McDonnell, Alexander","De Labourdonnais, Louis",,,B21,"[['e4', 'c5'], ['f4', 'Nc6'], ['Nf3', 'e6'], ['c3', 'd5'], ['e5', 'f6'], ['Bd3', 'Qb6'], ['Bc2', 'Bd7'], ['O-O', 'Nh6'], ['Kh1', 'Be7\n'], ['d4', 'f5'], ['a3', 'a5'], ['h3', 'O-O'], ['g4', 'fxg4'], ['hxg4', 'Be8'], ['f5', 'Nxg4'], ['f6', 'gxf6\n'], ['exf6', 'Bxf6'], ['Rg1', 'h5'], ['Qd3', 'Qc7'], ['Bh6', 'c4'], ['Qe2', 'Bg7'], ['Bxg7', 'Rxf3'], ['Rxg4', 'hxg4\n'], ['Qxe6+', 'Qf7'], ['Qxf7+', 'Bxf7']]",0-1
London m5,London,1834.??.??,75,"De Labourdonnais, Louis","McDonnell, Alexander",,,C51,"[['e4', 'e5'], ['Nf3', 'Nc6'], ['Bc4', 'Bc5'], ['b4', 'Bxb4'], ['c3', 'Ba5'], ['O-O', 'd6'], ['d4', 'exd4'], ['cxd4', 'Bb6\n'], ['Bb2', 'Nf6'], ['e5', 'dxe5'], ['d5', 'Ne7'], ['Bxe5', 'O-O'], ['Bxf6', 'gxf6'], ['Nc3', 'f5'], ['Qd2', 'Kh8\n'], ['Rae1', 'Ng6'], ['Qh6', 'Qf6'], ['Ne5', 'Qg7'], ['Nxg6+', 'fxg6'], ['Qxg7+', 'Kxg7'], ['Re7+', 'Kh6\n'], ['Nb5', 'c6'], ['dxc6', 'bxc6'], ['Nd6', 'Bc5'], ['Nf7+', 'Kg7'], ['Rc7', 'Bb6'], ['Re7', 'Kf6'], ['Rfe1', 'Ba5\n'], ['R1e2', 'Rb8'], ['h4', 'Rb1+'], ['Kh2', 'Bb4'], ['Rc7', 'Rc1'], ['Rxc6+', 'Kg7'], ['Ng5', 'Bd7'], ['Ne6+', 'Kh6\n'], ['Ra6', 'Rxc4'], ['Nxf8', 'Bxf8'], ['Rxa7', 'Rxh4+'], ['Kg3', 'f4+'], ['Kf3', 'Bc6+'], ['Re4', 'Bxe4+\n'], ['Kxe4', 'Bc5']]",0-1
London m5,London,1834.??.??,76,"McDonnell, Alexander","De Labourdonnais, Louis",,,B21,"[['e4', 'c5'], ['f4', 'e6'], ['Nf3', 'd5'], ['e5', 'Nc6'], ['c3', 'f6'], ['Bd3', 'Nh6'], ['Bc2', 'Qb6'], ['O-O', 'Nf7'], ['d4', 'Bd7\n'], ['a3', 'a5'], ['Kh1', 'Be7'], ['h3', 'f5'], ['b3', 'h5'], ['Be3', 'Rc8'], ['Nbd2', 'cxd4'], ['cxd4', 'g5\n'], ['fxg5', 'Ncxe5'], ['Nxe5', 'Nxe5'], ['Re1', 'Ng6'], ['Nf3', 'Kf7'], ['Ra2', 'Bd6'], ['Ne5+', 'Bxe5\n'], ['dxe5', 'Qc7'], ['Bd4', 'Qd8'], ['Qd2', 'h4'], ['b4', 'a4'], ['Qe3', 'Re8'], ['Bb1', 'Qe7'], ['Rf2', 'Kg8\n'], ['g4', 'hxg3'], ['Qxg3', 'Rc4'], ['Bc5', 'Qh7'], ['Rh2', 'Bc6'], ['Kg1', 'Qh5'], ['Rd2', 'Nh4'], ['Kf2', 'd4\n'], ['Rd3', 'Rd8'], ['g6', 'Rd7'], ['Red1', 'Be4'], ['R3d2', 'Bxb1'], ['Rxb1', 'Rc3'], ['Rd3', 'Rc2+'], ['Kf1', 'Rg2\n'], ['Qe1', 'Qg5'], ['Qxh4', 'Qxh4'], ['Kxg2', 'Qe4+'], ['Rf3', 'Qxb1'], ['h4', 'Qe4'], ['h5', 'd3'], ['h6', 'd2\n'], ['h7+', 'Kh8'], ['Bf8', 'Qxf3+'], ['Kxf3', 'd1=Q+']]",0-1
London m6,London,1834.??.??,77,"De Labourdonnais, Louis","McDonnell, Alexander",,,C51,"[['e4', 'e5'], ['Nf3', 'Nc6'], ['Bc4', 'Bc5'], ['b4', 'Bxb4'], ['c3', 'Ba5'], ['O-O', 'd6'], ['d4', 'exd4'], ['cxd4', 'Bb6\n'], ['Bb2', 'Nf6'], ['d5', 'Na5'], ['Bd3', 'O-O'], ['Nc3', 'Bg4'], ['h3', 'Bh5'], ['Kh1', 'Qd7'], ['Kh2', 'Rae8\n'], ['g4', 'Nxg4+'], ['hxg4', 'Qxg4'], ['Be2', 'Qf4+'], ['Kh1', 'Bxf3+'], ['Bxf3', 'f5'], ['Bg2', 'Rf6'], ['Qd3', 'Rh6+\n'], ['Bh3', 'fxe4'], ['Nxe4', 'Rxe4'], ['Bc1', 'Re3'], ['Bxe3', 'Rxh3+'], ['Kg2', 'Qh2+']]",0-1
London m6,London,1834.??.??,78,"De Labourdonnais, Louis","McDonnell, Alexander",,,D20,"[['d4', 'd5'], ['c4', 'dxc4'], ['e4', 'e5'], ['d5', 'f5'], ['Nc3', 'Nf6'], ['Bxc4', 'Bc5'], ['Nf3', 'fxe4'], ['Ng5', 'O-O\n'], ['O-O', 'Bd6'], ['Ne6', 'Bxe6'], ['dxe6', 'Kh8'], ['Bg5', 'Nc6'], ['Nxe4', 'Qe7'], ['Kh1', 'Rad8'], ['Qa4', 'a6\n'], ['Bd5', 'Nd4'], ['Bxf6', 'gxf6'], ['Bxb7', 'Qxe6'], ['Rae1', 'f5'], ['Nc3', 'Qf6'], ['Qxa6', 'e4'], ['Qc4', 'Bxh2\n'], ['Re3', 'Nf3'], ['Rxf3', 'exf3'], ['Kxh2', 'Rd4'], ['Qc5', 'fxg2'], ['Bxg2', 'Rg8'], ['f4', 'Qg7'], ['Rf2', 'Rxf4\n'], ['Re2', 'Rg4'], ['Bh3', 'Rf4'], ['Rg2', 'Qd4'], ['Qxd4+', 'Rxd4'], ['Rf2', 'f4'], ['a4', 'Kg7'], ['Bg2', 'Rf8\n'], ['a5', 'Rd6'], ['Bb7', 'Rf5'], ['a6', 'f3'], ['Kg1', 'Rg6+'], ['Kf1', 'Rh6'], ['Ke1', 'Rh1+'], ['Kd2', 'Ra1\n'], ['Kd3', 'Kf6'], ['Nd5+', 'Kg5'], ['Ne3', 'Rf6'], ['Nc4', 'h5'], ['Na3', 'Rd1+'], ['Kc2', 'Rd8'], ['a7', 'Kg4\n'], ['a8=Q', 'Rxa8'], ['Bxa8', 'Kg3'], ['Rf1', 'Kg2'], ['Rd1', 'c6'], ['Bb7', 'f2'], ['Nc4', 'Re6'], ['Nd2', 'h4\n'], ['b4', 'h3'], ['b5', 'h2'], ['Bxc6+', 'Kg3'], ['Bh1', 'Rb6'], ['Rb1', 'Rb8'], ['b6', '']]",1-0
London m6,London,1834.??.??,79,"De Labourdonnais, Louis","McDonnell, Alexander",,,C51,"[['e4', 'e5'], ['Nf3', 'Nc6'], ['Bc4', 'Bc5'], ['b4', 'Bxb4'], ['c3', 'Ba5'], ['O-O', 'd6'], ['d4', 'exd4'], ['cxd4', 'Bb6\n'], ['Bb2', 'Nf6'], ['d5', 'Na5'], ['Bd3', 'O-O'], ['h3', 'Nh5'], ['Qd2', 'f5'], ['exf5', 'Bxf5'], ['Nc3', 'Bxh3\n'], ['Bxh7+', 'Kh8'], ['Bc2', 'Rxf3'], ['gxf3', 'Qh4'], ['Ne2', 'Rf8'], ['Qh6+', 'Kg8'], ['Bh7+', 'Kf7'], ['Bg6+', 'Ke7\n'], ['Qxh5', 'Qxh5'], ['Bxh5', 'Bxf1'], ['Kxf1', 'Rf5'], ['Bg4', 'Rxd5'], ['Nf4', 'Rd2'], ['Re1+', 'Kf8\n'], ['Re2', 'Rxe2'], ['Kxe2', 'Nc4'], ['Ne6+', 'Kf7'], ['Bxg7', 'c5'], ['f4', 'd5'], ['f5', 'Nd6'], ['Be5', 'Ne8\n'], ['Bh5+', 'Ke7'], ['Bxe8', 'Kxe8'], ['f6', 'c4'], ['Ng5', 'Bc5'], ['f7+', 'Kd7'], ['Bg7', '']]",1-0
London m6,London,1834.??.??,80,"De Labourdonnais, Louis","McDonnell, Alexander",,,C51,"[['e4', 'e5'], ['Nf3', 'Nc6'], ['Bc4', 'Bc5'], ['b4', 'Bxb4'], ['c3', 'Ba5'], ['O-O', 'd6'], ['d4', 'exd4'], ['cxd4', 'Bb6\n'], ['h3', 'h6'], ['Bb2', 'Nge7'], ['d5', 'Na5'], ['Bd3', 'O-O'], ['Nc3', 'Ng6'], ['Qd2', 'c5'], ['Na4', 'f6'], ['Nxb6', 'axb6\n'], ['Rae1', 'Ne5'], ['Nxe5', 'fxe5'], ['f4', 'exf4'], ['Rxf4', 'Rxf4'], ['Qxf4', 'Qe7'], ['Re3', 'Bd7'], ['Rg3', 'g5\n'], ['h4', 'Rf8'], ['Qd2', 'g4'], ['Qxh6', 'Qh7'], ['Qg5+', 'Kf7'], ['e5', 'Qg8'], ['e6+', 'Ke8'], ['Bg6+', '']]",1-0
London m6,London,1834.??.??,81,"McDonnell, Alexander","De Labourdonnais, Louis",,,B21,"[['e4', 'c5'], ['f4', 'Nc6'], ['c3', 'e6'], ['Nf3', 'd5'], ['e5', 'f6'], ['Bd3', 'Nh6'], ['Bc2', 'Qb6'], ['O-O', 'Bd7'], ['Kh1', 'Be7\n'], ['d4', 'f5'], ['a3', 'a5'], ['h3', 'Nf7'], ['b3', 'h5'], ['Re1', 'g6'], ['Be3', 'Nh6'], ['Nbd2', 'cxd4'], ['cxd4', 'Kf7\n'], ['Ra2', 'Rac8'], ['Qe2', 'Kg7'], ['Ng5', 'Nf7'], ['Nxf7', 'Kxf7'], ['Qf2', 'Kg7'], ['Nf3', 'Nd8'], ['Nh4', 'Nf7\n'], ['Qg3', 'Rh6'], ['Bf2', 'Bxa3'], ['Bxf5', 'exf5'], ['Rxa3', 'Be6'], ['Rea1', 'Qb4'], ['Ra4', 'Qc3'], ['Qxc3', 'Rxc3\n'], ['Rxa5', 'Rxb3'], ['Nf3', 'Rh8'], ['Ra8', 'Rc8'], ['Rxc8', 'Bxc8'], ['Rc1', 'Be6'], ['Rc7', 'Rb6'], ['Ng5', 'Kf8\n'], ['Nxe6+', 'Rxe6'], ['Rxb7', 'Nd8'], ['Rb8', 'Re8'], ['Rb5', 'Ne6'], ['g3', 'Rd8'], ['Kg2', 'h4'], ['Kf3', 'Nc7\n'], ['Rb6', 'hxg3'], ['Kxg3', 'Kg7'], ['h4', 'Kf7']]",1-0
London m6,London,1834.??.??,82,"McDonnell, Alexander","De Labourdonnais, Louis",,,C51,"[['e4', 'e5'], ['Nf3', 'Nc6'], ['Bc4', 'Bc5'], ['b4', 'Bxb4'], ['c3', 'Ba5'], ['O-O', 'd6'], ['d4', 'exd4'], ['cxd4', 'Bb6\n'], ['Bb2', 'Nf6'], ['e5', 'dxe5'], ['d5', 'Na5'], ['Bxe5', 'O-O'], ['Bd3', 'Nxd5'], ['Nbd2', 'Bg4'], ['h3', 'Bh5\n'], ['Qc2', 'Bg6'], ['Bxg6', 'fxg6'], ['Rad1', 'Qe8'], ['Rfe1', 'Qc6'], ['Qb2', 'Rf7'], ['Bd4', 'Nf4'], ['Ne4', 'Nxh3+\n'], ['Kh2', 'Rxf3'], ['gxf3', 'Nf4'], ['Bxg7', 'Nh5'], ['Nf6+', 'Nxf6'], ['Qxf6', 'Qxf6'], ['Bxf6', 'Rf8\n'], ['Rd8', 'Bxf2'], ['Rxf8+', 'Kxf8'], ['Re7', 'Bd4'], ['Bg5', 'h6'], ['Re4', 'Bg7'], ['Bd8', 'Nc6'], ['Bxc7', 'Kf7\n'], ['Kg3', 'g5'], ['a4', 'h5'], ['a5', 'Kf6'], ['Rc4', 'Ke6'], ['Rc5', 'Bf6'], ['Rb5', 'b6'], ['axb6', 'axb6\n'], ['Kg2', 'Ne5'], ['Bxb6', 'Kf5'], ['Be3', 'Be7'], ['Kf2', 'Bf6'], ['Bd2', 'Be7'], ['Ke3', 'Bf6'], ['Be1', 'h4\n'], ['Bc3', 'Bg7'], ['Kf2', 'Bf6'], ['Kg2', 'Bg7'], ['Bd4', 'Bf6'], ['Kh3', 'Kf4'], ['Kg2', 'Kf5'], ['Bg1', 'Kg6\n'], ['Bh2', 'Nd3'], ['Rd5', 'Nf4+'], ['Bxf4', 'gxf4'], ['Kh3', '']]",1-0
London m6,London,1834.??.??,83,"McDonnell, Alexander","De Labourdonnais, Louis",,,C51,"[['e4', 'e5'], ['Nf3', 'Nc6'], ['Bc4', 'Bc5'], ['b4', 'Bxb4'], ['c3', 'Ba5'], ['O-O', 'Bb6'], ['d4', 'exd4'], ['cxd4', 'd6\n'], ['h3', 'Nf6'], ['e5', 'dxe5'], ['Ba3', 'Bxd4'], ['Qb3', 'Qd7'], ['Ng5', 'Nd8'], ['Nc3', 'c5'], ['Nxf7', 'Rf8\n'], ['Nxe5', 'Bxe5'], ['Rfe1', 'Nc6'], ['Bxc5', 'Qf5'], ['Nb5', 'Bd7'], ['Nd6+', '']]",1-0
London m6,London,1834.??.??,84,"De Labourdonnais, Louis","McDonnell, Alexander",,,C51,"[['e4', 'e5'], ['Nf3', 'Nc6'], ['Bc4', 'Bc5'], ['b4', 'Bxb4'], ['c3', 'Ba5'], ['O-O', 'd6'], ['d4', 'exd4'], ['cxd4', 'Bb6\n'], ['Nc3', 'Nf6'], ['Bg5', 'h6'], ['Bxf6', 'Qxf6'], ['e5', 'dxe5'], ['Nxe5', 'Nxe5'], ['dxe5', 'Qh4'], ['Qe2', 'O-O\n'], ['Kh1', 'Bg4'], ['f3', 'Bh5'], ['Rad1', 'Rfe8'], ['g4', 'Bg6'], ['f4', 'c6'], ['f5', 'Bh7'], ['Rd7', 'Re7\n'], ['Rxe7', 'Qxe7'], ['e6', 'fxe6'], ['Bxe6+', 'Kh8'], ['Rd1', 'Rf8'], ['Rd7', 'Qc5'], ['Qe1', 'Ba5'], ['Ne4', 'Qxf5\n'], ['gxf5', 'Bxe1'], ['Nd6', 'Bg8'], ['Rxb7', 'Bf2'], ['Nf7+', 'Bxf7'], ['Bxf7', 'Bb6'], ['Kg2', 'Kh7'], ['Kf3', 'h5\n'], ['Bg6+', 'Kh6'], ['Re7', 'Rd8'], ['Re6', 'Kg5'], ['Re7', 'Bd4'], ['Re4', 'Bf6'], ['Rc4', 'Rc8'], ['h4+', 'Kh6\n'], ['a4', 'c5'], ['Bf7', 'Bd4'], ['Kf4', 'Rb8'], ['Rc2', 'Rb4'], ['Rc4', 'Bf2'], ['Ke5', 'Bxh4'], ['Rxc5', 'Bf6+\n'], ['Ke6', 'Rxa4'], ['Rc8', 'h4'], ['Be8', 'Re4+'], ['Kf7', 'Kg5'], ['Rc5', 'Re2'], ['Rc7', 'a5'], ['Bd7', 'h3\n'], ['Be6', 'h2'], ['Rc1', 'Kg4'], ['Bc8', 'Kg3'], ['Kg6', 'a4'], ['Bb7', 'Re3'], ['Rc2', 'a3'], ['Rg2+', 'Kh3\n'], ['Rd2', 'Bb2'], ['Kh5', 'a2'], ['f6', 'gxf6']]",0-1
London m6,London,1834.??.??,85,"McDonnell, Alexander","De Labourdonnais, Louis",,,C00,"[['e4', 'c5'], ['f4', 'e6'], ['Nf3', 'Nc6'], ['c3', 'd5'], ['e5', 'f5'], ['Bd3', 'Be7'], ['Bc2', 'Qb6'], ['O-O', 'Nh6'], ['Kh1', 'O-O\n'], ['d4', 'Bd7'], ['a3', 'a5'], ['h3', 'Be8'], ['b3', 'cxd4'], ['cxd4', 'Bh5'], ['Be3', 'Rac8'], ['Ra2', 'Kh8\n'], ['Qd2', 'Qc7'], ['Nh2', 'Bh4'], ['Rg1', 'Bg3'], ['Nf1', 'Bh4'], ['Qd3', 'Bg6'], ['Nbd2', 'Be7'], ['Qe2', 'Qd7\n'], ['g4', 'Qe8'], ['g5', 'Ng8'], ['Bd1', 'Bd8'], ['h4', 'Bf7'], ['h5', 'g6'], ['hxg6', 'Bxg6'], ['Qh2', 'Bb6\n'], ['Nf3', 'Qf7'], ['Ng3', 'Nge7'], ['Rd2', 'Kg8'], ['Nh4', 'Nxe5'], ['fxe5', 'f4'], ['Nxg6', 'Nxg6'], ['Nh5', 'fxe3\n'], ['Nf6+', 'Kh8'], ['Rd3', 'Rg8'], ['Rg3', 'Nf4'], ['Rdxe3', 'Rg7'], ['Ref3', 'Rc1'], ['Qd2', 'Rxd1+'], ['Qxd1', 'Nh5\n'], ['Rh3', 'Nxf6'], ['Rxf6', 'Qe8'], ['Qf1', 'Kg8'], ['Qf4', 'Bd8'], ['Qh4', 'Bxf6'], ['exf6', 'Rc7'], ['g6', 'Rc1+\n'], ['Kh2', 'Rc2+'], ['Kg1', 'Rc1+'], ['Kf2', 'Qxg6'], ['Rg3', 'Rc2+'], ['Ke1', 'Kf7'], ['Rxg6', 'Kxg6'], ['f7', 'Rc8\n'], ['Qe7', '']]",1-0
Paris,Paris,1836.??.??,?,Jouy,"De la Bourdonnais, Louis",,,C22,"[['e4', 'e5'], ['d4', 'exd4'], ['Qxd4', 'Nc6'], ['Qd3', 'Nf6'], ['f3', 'Bc5'], ['Be3', 'Qe7'], ['Be2', 'O-O'], ['Nc3', 'Ne5\n'], ['Qd2', 'Bxe3'], ['Qxe3', 'd6'], ['O-O-O', 'Be6'], ['b3', 'a5'], ['Na4', 'b5'], ['Bxb5', 'Rfb8'], ['c4', 'c6\n'], ['Nb6', 'cxb5'], ['Nxa8', 'Rxa8'], ['cxb5', 'a4'], ['Kb2', 'axb3'], ['axb3', 'd5'], ['Ra1', 'Rxa1'], ['Kxa1', 'Qa3+\n'], ['Kb1', 'dxe4'], ['Kc2', 'Qa2+'], ['Kd1', 'Bxb3+'], ['Ke1', 'Nd3+'], ['Kf1', 'Qb1+'], ['Ke2', 'Qe1+']]",0-1
Paris,Paris,1836.??.??,?,Jouy,"De la Bourdonnais, Louis",,,C37,"[['e4', 'e5'], ['f4', 'exf4'], ['Nf3', 'g5'], ['Bc4', 'g4'], ['Ne5', 'Qh4+'], ['Kf1', 'f3'], ['Nxf7', 'Nc6'], ['d4', 'Bg7\n'], ['c3', 'Nf6'], ['Nxh8', 'd5'], ['exd5', 'Ne4'], ['Qe1', 'g3'], ['Bd3', 'fxg2+'], ['Kxg2', 'Bh3+'], ['Kg1', 'Nxd4\n'], ['Qxe4+', 'Qxe4'], ['Bxe4', 'Ne2+']]",0-1
Paris,Paris,1836.??.??,?,"De la Bourdonnais, Louis",Boncourt,,,C51,"[['e4', 'e5'], ['Nf3', 'Nc6'], ['Bc4', 'Bc5'], ['b4', 'Bxb4'], ['c3', 'Be7'], ['Qb3', 'Nh6'], ['d4', 'Na5'], ['Qa4', 'Nxc4\n'], ['Qxc4', 'exd4'], ['Bxh6', 'gxh6'], ['cxd4', 'Rg8'], ['O-O', 'd6'], ['Kh1', 'Qd7'], ['Nc3', 'c6'], ['d5', 'Rxg2\n'], ['Rg1', 'Rxf2'], ['Rg3', 'c5'], ['e5', 'b6'], ['Re1', 'Kd8'], ['e6', 'fxe6'], ['dxe6', 'Qe8'], ['Nd5', 'Bb7\n'], ['Reg1', 'Bxd5'], ['Qxd5', 'Kc7'], ['Rg7', 'Rc8'], ['Rf7', 'Kb8'], ['Rgg7', 'Qc6'], ['Qxc6', 'Rxc6'], ['Rxe7', 'Rxf3\n'], ['Rb7+', 'Kc8'], ['Rxa7', 'Kb8'], ['Rab7+', 'Ka8'], ['Rbf7', '']]",1-0
London,London,1837.??.??,?,"De la Bourdonnais, Louis",NN,,,C44,"[['e4', 'e5'], ['Nf3', 'Nc6'], ['d4', 'Qf6'], ['Nc3', 'exd4'], ['Nd5', 'Qd8'], ['Bc4', 'Bc5'], ['O-O', 'h6'], ['b4', 'Nxb4\n'], ['Nxb4', 'Bxb4'], ['Qxd4', 'Nf6'], ['Bxf7+', 'Kxf7'], ['Qxb4', 'd6'], ['Qb3+', 'Be6'], ['Qxb7', 'Qb8\n'], ['Rb1', 'Nxe4'], ['Qxe4', 'Qxb1'], ['Bxh6', 'Qxa2'], ['Ng5+', 'Ke7'], ['Bxg7', 'Rhg8'], ['Re1', 'Kd7\n'], ['Nxe6', 'Rae8'], ['c4', 'Rxg7'], ['Nc5+', 'dxc5'], ['Qxe8+', 'Kd6'], ['Qe6+', '']]",1-0
London,London,1837.??.??,?,"De la Bourdonnais, Louis",NN,,,C52,"[['e4', 'e5'], ['Nf3', 'Nc6'], ['Bc4', 'Bc5'], ['b4', 'Bxb4'], ['c3', 'Ba5'], ['O-O', 'Bb6'], ['d4', 'Na5'], ['Bd3', 'exd4\n'], ['cxd4', 'Ne7'], ['Bb2', 'O-O'], ['Nc3', 'd6'], ['e5', 'h6'], ['exd6', 'cxd6'], ['h3', 'd5'], ['Ba3', 'Re8\n'], ['Re1', 'Be6'], ['Bxe7', 'Rxe7'], ['Rc1', 'Nc6'], ['Bc2', 'Qf8'], ['Qd3', 'f5'], ['Bb3', 'Nb4'], ['Qd2', 'Kh8\n'], ['a3', 'Nc6'], ['Bxd5', 'Bxd5'], ['Nxd5', 'Rxe1+'], ['Rxe1', 'Ba5'], ['Nc3', 'Qxa3'], ['Rc1', 'Rc8'], ['Qe3', 'Nxd4\n'], ['Nxd4', 'Rxc3'], ['Rxc3', 'Qxc3'], ['Qe8+', 'Kh7'], ['Ne6', 'Bb4'], ['Kh2', 'Qe1'], ['Nf8+', 'Kg8'], ['Ne6+', 'Kh7\n'], ['Nf8+', '']]",1/2-1/2
London,London,1837.??.??,?,"De la Bourdonnais, Louis","Wilson, Harry Slater",,,C00,"[['e4', 'e6'], ['f4', 'd5'], ['e5', 'c5'], ['Nf3', 'Nc6'], ['c3', 'Qb6'], ['Bd3', 'Bd7'], ['Bc2', 'f6'], ['O-O', 'Be7'], ['Kh1', 'O-O-O\n'], ['a3', 'Nh6'], ['d4', 'fxe5'], ['fxe5', 'Be8'], ['Bxh6', 'gxh6'], ['b4', 'cxd4'], ['b5', 'Qxb5'], ['cxd4', 'Bh5\n'], ['Nc3', 'Qb6'], ['Na4', 'Qa5'], ['Rb1', 'Rd7'], ['Qd3', 'Bg6'], ['Qe2', 'Bxc2'], ['Qxc2', 'Rc7'], ['Qb3', 'Kd7\n'], ['Rfc1', 'Rhc8'], ['Nc5+', 'Bxc5'], ['Rxc5', 'Nxd4'], ['Rxc7+', 'Qxc7'], ['Nxd4', 'Qxe5'], ['Qxb7+', 'Rc7\n'], ['Qb5+', 'Kd6'], ['Nf3', 'Qf4'], ['Re1', 'h5'], ['Qe8', 'Qh6'], ['Ne5', 'Qf6'], ['Qb8', 'Qf2'], ['Rc1', 'Kxe5\n'], ['Qxc7+', 'Kf6'], ['Qxh7', 'h4'], ['Qh8+', 'Ke7'], ['Qg7+', 'Kd8'], ['Qc7+', 'Ke8'], ['Qb8+', 'Ke7'], ['Rc7+', 'Kf6\n'], ['Qf8+', '']]",1-0
Paris,Paris,1837.??.??,?,"De la Bourdonnais, Louis",Bonfil,,,C52,"[['e4', 'e5'], ['Nf3', 'Nc6'], ['Bc4', 'Bc5'], ['b4', 'Bxb4'], ['c3', 'Ba5'], ['O-O', 'Bb6'], ['d4', 'Na5'], ['Bd3', 'exd4\n'], ['cxd4', 'Ne7'], ['Bb2', 'O-O'], ['Nc3', 'd6'], ['e5', 'h6'], ['exd6', 'cxd6'], ['h3', 'd5'], ['Ba3', 'Re8\n'], ['Re1', 'Be6'], ['Bxe7', 'Qxe7'], ['Rc1', 'Nc6'], ['Bc2', 'Qf8'], ['Qd3', 'f5'], ['Bb3', 'Nb4'], ['Qd2', 'Kh8\n'], ['a3', 'Nc6'], ['Bxd5', 'Bxd5'], ['Nxd5', 'Rxe1+'], ['Rxe1', 'Ba5'], ['Nc3', 'Qxa3'], ['Rc1', 'Rc8'], ['Qe3', 'Nxd4\n'], ['Nxd4', 'Rxc3'], ['Rxc3', 'Qxc3'], ['Qe8+', 'Kh7'], ['Ne6', 'Bb4'], ['Kh2', 'Qe1'], ['Nf8+', 'Kg8'], ['Ne6+', 'Kh7\n'], ['Nf8+', '']]",1/2-1/2
Paris,Paris,1837.??.??,?,"De la Bourdonnais, Louis",Boncourt,,,C41,"[['e4', 'e5'], ['Nf3', 'd6'], ['Bc4', 'f5'], ['d3', 'c6'], ['Nc3', 'Be7'], ['O-O', 'Nf6'], ['Qe2', 'b5'], ['Bb3', 'b4'], ['Nd1', 'fxe4\n'], ['dxe4', 'Ba6'], ['Bc4', 'Bxc4'], ['Qxc4', 'd5'], ['exd5', 'cxd5'], ['Qe2', 'e4'], ['Nd4', 'Qd7'], ['Ne3', 'Nc6\n'], ['Nxc6', 'Qxc6'], ['Nf5', 'Bf8'], ['Be3', 'Qd7'], ['Nd4', 'Bd6'], ['f4', 'O-O'], ['h3', 'h5'], ['Rad1', 'Bc5\n'], ['f5', 'Rae8'], ['c4', 'bxc3'], ['bxc3', 'Re5'], ['c4', 'Bxd4'], ['Bxd4', 'Rxf5'], ['Rxf5', 'Qxf5'], ['Bxf6', 'Qxf6\n'], ['cxd5', 'Qe5'], ['d6', 'e3'], ['d7', 'Rd8'], ['Qc4+', 'Kh7'], ['Rd5', 'Qa1+'], ['Kh2', 'g6'], ['Qc5', 'Qf6\n'], ['Qxe3', 'Rf8'], ['Re5', 'Qd6'], ['g3', 'Rf7']]",1/2-1/2
Paris,Paris,1837.??.??,?,"De la Bourdonnais, Louis",Jouantho,,,C37,"[['e4', 'e5'], ['f4', 'exf4'], ['Nf3', 'g5'], ['Bc4', 'g4'], ['d4', 'gxf3'], ['Qxf3', 'Bh6'], ['O-O', 'Qf6'], ['e5', 'Qg6\n'], ['Nc3', 'c6'], ['Ne4', 'd5'], ['Nd6+', 'Kd8'], ['Bd3', 'f5'], ['Bxf4', 'Kc7'], ['e6', 'Bxf4'], ['Qxf4', 'Qxe6\n'], ['Nf7+', 'Kb6'], ['Nxh8', 'Qf6'], ['c4', 'Qxh8'], ['c5+', 'Ka5'], ['Qd2+', 'Ka4'], ['b3+', 'Ka3'], ['Qa5+', 'Kb2\n'], ['Rfb1+', '']]",1-0
Paris,Paris,1837.??.??,?,"De la Bourdonnais, Louis",Lecrivain,,,C00,"[['e4', 'e6'], ['f4', 'd5'], ['e5', 'c5'], ['Nf3', 'Nc6'], ['c3', 'Qb6'], ['Bd3', 'a6'], ['Bc2', 'Bd7'], ['d4', 'cxd4'], ['cxd4', 'Bb4+\n'], ['Nc3', 'Nge7'], ['O-O', 'O-O'], ['Bxh7+', 'Kxh7'], ['Ng5+', 'Kg8'], ['Qh5', 'Rfc8'], ['Qxf7+', 'Kh8\n'], ['Qh5+', 'Kg8'], ['Qh7+', 'Kf8'], ['Qh8+', 'Ng8'], ['Nh7+', 'Kf7'], ['Ng5+', 'Kf8'], ['f5', 'Ke7'], ['Qxg7+', 'Kd8\n'], ['fxe6', 'Nge7'], ['Rf8+', 'Kc7'], ['Nxd5+', 'Nxd5'], ['Qxd7+', 'Kb8'], ['Qxc8+', 'Ka7'], ['Qxa8+', '']]",1-0
Paris,Paris,1837.??.??,?,"De la Bourdonnais, Louis",Delaroche,,,C37,"[['e4', 'e5'], ['f4', 'exf4'], ['Nf3', 'g5'], ['Bc4', 'g4'], ['Nc3', 'gxf3'], ['Qxf3', 'd5'], ['Bxd5', 'c6'], ['Bb3', 'Be6\n'], ['Bxe6', 'fxe6'], ['Qh5+', 'Kd7'], ['d4', 'Nf6'], ['Qh3', 'Qe7'], ['Bxf4', 'Bg7'], ['O-O', 'Na6'], ['Rad1', 'Rae8\n'], ['d5', 'cxd5'], ['exd5', 'Kc8'], ['Kh1', 'Qd7'], ['dxe6', 'Qxe6'], ['Nb5', 'Nd7'], ['Nxa7+', 'Kd8'], ['Bg5+', 'Kc7\n'], ['Qxe6', 'Rxe6'], ['Rf7', 'Nb8'], ['Rxg7', 'Kb6'], ['h3', 'Kxa7'], ['Rdxd7', 'Nxd7'], ['Rxd7', 'Re2\n'], ['Bd2', 'h5'], ['g3', 'Rg8'], ['Rd3', 'Rf8'], ['Kg1', 'b6'], ['Be3', 'Re1+'], ['Kg2', 'Re2+'], ['Kg1', 'Re1+']]",1/2-1/2
Paris,Paris,1837.??.??,?,"De la Bourdonnais, Louis",Haxo,,,C44,"[['e4', 'e5'], ['Nf3', 'Nc6'], ['d4', 'exd4'], ['Bc4', 'Bc5'], ['Ng5', 'Nh6'], ['Nxf7', 'Nxf7'], ['Bxf7+', 'Kxf7\n'], ['Qh5+', 'g6'], ['Qxc5', 'd6'], ['Qc4+', 'Be6'], ['Qe2', 'Ne5'], ['f4', 'Bc4'], ['Qf2', 'Nc6'], ['c3', 'dxc3\n'], ['Nxc3', 'Re8'], ['b3', 'Ba6'], ['Bb2', 'Nb4'], ['O-O-O', 'Nd3+'], ['Rxd3', 'Bxd3'], ['Qf3', 'Ba6'], ['f5', 'Qg5+\n'], ['Kb1', 'Kg8'], ['h4', 'Qd8'], ['fxg6', 'hxg6'], ['h5', 'Qg5'], ['hxg6', 'Qxg6'], ['Nd5', 'Qxe4+'], ['Qxe4', 'Rxe4\n'], ['Nf6+', 'Kf7'], ['Nxe4', 'Bd3+'], ['Kc1', 'Bxe4'], ['Rg1', 'Rg8'], ['g3', '']]",1/2-1/2
