London m1,London,1846.??.??,1,"Kieseritzky, Lionel","Horwitz, Bernhard",,,C50,"[['e4', 'e5'], ['Nf3', 'Nc6'], ['Bc4', 'd6'], ['d4', 'Bg4'], ['c3', 'exd4'], ['Qb3', 'Qd7'], ['Bxf7+', 'Qxf7'], ['Qxb7', 'Kd7\n'], ['Nxd4', 'Nxd4'], ['cxd4', 'Qc4'], ['Nc3', 'Qc6'], ['Qb3', 'Bh5'], ['Be3', 'Nf6'], ['O-O', 'Be7'], ['e5', 'Rab8\n'], ['Qc2', 'Bg6'], ['Qe2', 'Nd5'], ['Qg4+', 'Kd8'], ['Qf3', 'Nb4'], ['d5', 'Qa6'], ['exd6', 'Bxd6'], ['Bg5+', 'Kc8\n'], ['Qg4+', 'Kb7'], ['a3', 'Nd3'], ['b4', 'Ne5'], ['Qh3', 'Qc4'], ['Na4', 'Qg4'], ['Qxg4', 'Nxg4'], ['h3', 'Ne5\n'], ['Be3', 'Be4'], ['Nc3', 'Bg6'], ['Bd4', 'Bf5'], ['Rfe1', 'Rbe8'], ['Re3', 'Ng6'], ['g4', 'Rxe3'], ['fxe3', 'Bd7\n'], ['Bxg7', 'Rg8'], ['Bh6', 'Be5'], ['Rc1', 'Nh4'], ['Ne4', 'Kb6'], ['Nc5', 'Bc8'], ['Nd3', 'Bd6'], ['Kf2', 'Bg3+\n'], ['Kxg3', 'Nf5+'], ['Kf4', 'Nxh6'], ['Rc6+', 'Kb5'], ['Rxh6', 'Rf8+'], ['Ke4', 'Rf7'], ['Kd4', 'Ka4'], ['Ne5', 'Rg7\n'], ['Nc4', 'Rd7'], ['Rc6', '']]",1-0
London m3,London,1846.??.??,1,"Staunton, Howard","Horwitz, Bernhard",,,C60,"[['e4', 'e5'], ['Nf3', 'Nc6'], ['Bb5', 'Qf6'], ['Nc3', 'Bd6'], ['Nd5', 'Qg6'], ['d3', 'Nce7'], ['Nh4', 'Qe6'], ['Ne3', 'Bc5\n'], ['Bc4', 'Qf6'], ['Nf3', 'd6'], ['c3', 'Nh6'], ['O-O', 'Bg4'], ['Nxg4', 'Nxg4'], ['a4', 'a5'], ['Bd2', 'Qg6\n'], ['h3', 'Nf6'], ['d4', 'exd4'], ['cxd4', 'Bb6'], ['e5', 'Nd7'], ['Qe2', 'd5'], ['Bd3', 'Qh5'], ['Kh2', 'f5\n'], ['exf6', 'Nxf6'], ['Rae1', 'Ng8'], ['Bg5', 'Qf7'], ['Ne5', 'Qe6'], ['Qh5+', 'Kf8'], ['Ng6+', 'hxg6'], ['Qxh8', 'Qd6+\n'], ['f4', 'Re8'], ['Re2', 'Bxd4'], ['Rfe1', 'Kf7'], ['Qh7', 'Nf6'], ['Rxe7+', 'Rxe7'], ['Bxg6+', 'Kf8'], ['Qh8+', 'Ng8\n'], ['Bxe7+', '']]",1-0
London m4,London,1846.??.??,1,"Harrwitz, Daniel","Horwitz, Bernhard",,,C44,"[['e4', 'e5'], ['Nf3', 'Nc6'], ['c3', 'd5'], ['Bb5', 'Bg4'], ['Qa4', 'Bxf3'], ['Bxc6+', 'bxc6'], ['Qxc6+', 'Ke7'], ['gxf3', 'Nf6\n'], ['b3', 'Qb8'], ['Ba3+', 'Kd8'], ['Rg1', 'Ne8'], ['Qxd5+', 'Bd6'], ['d4', 'exd4'], ['e5', 'Nf6'], ['exf6', 'Re8+\n'], ['Kd1', 'g6'], ['c4', 'Re5'], ['Qxf7', 'Qb7'], ['Qg8+', 'Re8'], ['Qd5', 'Qxd5'], ['cxd5', 'Kd7'], ['Bxd6', 'Kxd6\n'], ['Rg5', 'Re5'], ['f4', 'Rxd5'], ['Nd2', 'Rf5'], ['Rxf5', 'gxf5'], ['Nf3', 'Ke6'], ['Nxd4+', 'Kxf6'], ['Kc2', 'Rg8\n'], ['Re1', 'Rg2'], ['Re6+', 'Kf7'], ['Re2', 'Kf6'], ['f3', 'Rg7'], ['Kc3', 'h5'], ['a4', 'h4'], ['Re6+', 'Kf7\n'], ['Rh6', '']]",1-0
London m3,London,1846.??.??,2,"Horwitz, Bernhard","Staunton, Howard",,,B21,"[['e4', 'c5'], ['f4', 'e6'], ['Nf3', 'Nc6'], ['Be2', 'd6'], ['O-O', 'Nge7'], ['c4', 'Ng6'], ['d3', 'Be7'], ['Nc3', 'Bf6\n'], ['Qe1', 'O-O'], ['Be3', 'Bd4'], ['Qd2', 'Nxf4'], ['Bxd4', 'Nxe2+'], ['Nxe2', 'cxd4'], ['Nexd4', 'Qb6\n'], ['Qf2', 'Nb4'], ['Ne1', 'Bd7'], ['a3', 'Nc6'], ['Nb5', 'Qc5'], ['b4', 'Qe5'], ['Nf3', 'Qf4'], ['g3', 'Qh6\n'], ['Nxd6', 'b6'], ['b5', 'Nd8'], ['Ne5', 'Bc8'], ['Nexf7', 'Nxf7'], ['Nxf7', 'Qf6'], ['Nh6+', 'gxh6'], ['Qxf6', 'Rxf6\n'], ['Rxf6', 'Kg7'], ['Raf1', 'a6'], ['Rf7+', 'Kg6'], ['e5', 'axb5'], ['R1f6+', '']]",1-0
London m4,London,1846.??.??,2,"Horwitz, Bernhard","Harrwitz, Daniel",,,C44,"[['e4', 'e5'], ['Nf3', 'Nc6'], ['c3', 'Bc5'], ['b4', 'Bb6'], ['b5', 'Na5'], ['Nxe5', 'Qe7'], ['d4', 'd6'], ['Ba3', 'f6\n'], ['Nf3', 'Qxe4+'], ['Be2', 'Nh6'], ['O-O', 'O-O'], ['Bd3', 'Qg4'], ['Bb4', 'Qe6'], ['Re1', 'Qf7'], ['d5', 'Ng4\n'], ['Rf1', 'Ne5'], ['Nxe5', 'fxe5'], ['Nd2', 'Qxd5'], ['Nc4', 'e4'], ['Nxb6', 'axb6'], ['Bc2', 'Qxd1'], ['Bxd1', 'Be6\n'], ['Bc2', 'Rfe8'], ['Bxe4', 'Bc4'], ['Rfe1', 'd5'], ['Bf3', 'Bxa2'], ['Red1', 'Bb3'], ['Bxd5+', 'Bxd5\n'], ['Rxd5', 'Nc6'], ['Rc1', 'Nxb4'], ['cxb4', 'Ra2'], ['h3', 'Ree2'], ['Rxc7', 'h6'], ['Rd8+', 'Kh7'], ['Rdd7', 'Rxf2\n'], ['Rxg7+', 'Kh8'], ['Rxb7', 'Rfb2'], ['Rg6', 'h5'], ['Rg5', 'h4'], ['Rxb6', 'Kh7'], ['Rg4', 'Ra1+'], ['Kh2', 'Ra4\n'], ['Rxh4+', 'Kg7'], ['Rc4', '']]",1-0
London m1,London,1846.??.??,2,"Horwitz, Bernhard","Kieseritzky, Lionel",,,C54,"[['e4', 'e5'], ['Nf3', 'Nc6'], ['Bc4', 'Bc5'], ['c3', 'Nf6'], ['d3', 'd6'], ['O-O', 'O-O'], ['b4', 'Bb6'], ['a4', 'a5'], ['b5', 'Ne7\n'], ['Qb3', 'Ng6'], ['Kh1', 'h6'], ['Ra2', 'Bg4'], ['Ng1', 'Qd7'], ['f4', 'exf4'], ['Bxf4', 'Nh5'], ['Bc1', 'Ne5\n'], ['d4', 'Nxc4'], ['Qxc4', 'Rae8'], ['Qd3', 'f5'], ['Raf2', 'Rxe4'], ['h3', 'f4'], ['hxg4', 'Ng3+'], ['Kh2', 'Qxg4\n'], ['Rxf4', 'Nxf1+'], ['Rxf1', 'Rxf1'], ['Qxf1', 'Qh4+'], ['Nh3', 'Re1'], ['Qc4+', 'Kf8'], ['Bf4', 'Rxb1\n'], ['Bxd6+', 'cxd6'], ['Qc8+', 'Ke7'], ['Qxb7+', 'Ke6'], ['Qc8+', 'Kf6'], ['Qf8+', 'Kg6'], ['Qxd6+', 'Qf6\n'], ['Qg3+', 'Kh7'], ['Qd3+', 'Qg6'], ['Qxg6+', 'Kxg6']]",0-1
London m1,London,1846.??.??,3,"Kieseritzky, Lionel","Horwitz, Bernhard",,,C28,"[['e4', 'e5'], ['Bc4', 'Nf6'], ['Nc3', 'Bc5'], ['d3', 'Nc6'], ['Be3', 'Bb4'], ['Nf3', 'd5'], ['exd5', 'Nxd5'], ['Bxd5', 'Qxd5\n'], ['O-O', 'Bxc3'], ['bxc3', 'Bg4'], ['c4', 'Qe6'], ['Ng5', 'Qd7'], ['Qb1', 'b6'], ['Qb2', 'h6'], ['Ne4', 'f5\n'], ['Nc3', 'f4'], ['Bd2', 'f3'], ['Rfe1', 'O-O'], ['Nd5', 'fxg2'], ['Re4', 'Nd4'], ['Rxe5', 'Nf3+'], ['Kxg2', 'Nxd2\n'], ['f4', 'Bf3+'], ['Kf2', 'Bxd5'], ['Rg1', 'Bb7'], ['Re6', 'Rxf4+']]",0-1
London m3,London,1846.??.??,3,"Staunton, Howard","Horwitz, Bernhard",,,A85,"[['d4', 'f5'], ['c4', 'Nf6'], ['Nc3', 'e6'], ['Bg5', 'Be7'], ['e3', 'c5'], ['Nf3', 'Nc6'], ['d5', 'exd5'], ['cxd5', 'Nxd5\n'], ['Nxd5', 'Bxg5'], ['Nxg5', 'Qxg5'], ['Nc7+', 'Kd8'], ['Ne6+', '']]",1-0
London m4,London,1846.??.??,3,"Harrwitz, Daniel","Horwitz, Bernhard",,,C44,"[['e4', 'e5'], ['Nf3', 'Nc6'], ['c3', 'd5'], ['Bb5', 'Qd6'], ['exd5', 'Qxd5'], ['Bxc6+', 'bxc6'], ['Qe2', 'Bd6'], ['d4', 'Bg4\n'], ['Nbd2', 'f6'], ['O-O', 'Ne7'], ['c4', 'Qf7'], ['c5', 'Nf5'], ['Qe4', 'Bxf3'], ['Nxf3', 'Ne7'], ['cxd6', 'cxd6\n'], ['dxe5', 'fxe5'], ['Ng5', 'Qg6'], ['f4', 'O-O'], ['Qxg6', 'Nxg6'], ['fxe5', 'Rxf1+'], ['Kxf1', 'Nxe5\n'], ['b3', 'Rf8+'], ['Kg1', 'h6'], ['Ne4', 'd5'], ['Nf2', 'd4'], ['Ba3', 'Rf6'], ['Rd1', 'Rg6'], ['Kf1', 'Ng4\n'], ['Nxg4', 'Rxg4'], ['g3', 'Rg5'], ['Rxd4', 'Ra5'], ['Ra4', 'Rd5'], ['Ke2', 'Re5+'], ['Kf3', 'Rd5'], ['Ke3', 'Re5+\n'], ['Kf2', 'Rd5'], ['Bc1', 'Kh7'], ['Rxa7', 'Rc5'], ['Be3', 'Rc2+'], ['Kg1', 'c5'], ['Bf2', 'Kg6'], ['a4', 'Kh5\n'], ['Rxg7', '']]",1-0
London m3,London,1846.??.??,4,"Horwitz, Bernhard","Staunton, Howard",,,B21,"[['e4', 'c5'], ['f4', 'e6'], ['Nf3', 'Nc6'], ['c4', 'd6'], ['Be2', 'Nge7'], ['O-O', 'Ng6'], ['d3', 'Be7'], ['Nc3', 'Bf6\n'], ['Qe1', 'a6'], ['Kh1', 'O-O'], ['Be3', 'Rb8'], ['a4', 'Nd4'], ['Bd1', 'Bd7'], ['Bxd4', 'cxd4'], ['Ne2', 'b5\n'], ['cxb5', 'axb5'], ['a5', 'e5'], ['f5', 'Ne7'], ['g4', 'Nc6'], ['Rg1', 'Bg5'], ['Bb3', 'Be3'], ['Rg2', 'Ra8\n'], ['a6', 'Nb8'], ['g5', 'Kh8'], ['Qh4', 'Rxa6'], ['Rf1', 'Nc6'], ['Rg3', 'Nb4'], ['Bxf7', 'Rxf7'], ['Qh5', 'Qg8\n'], ['Nh4', 'd5'], ['Rh3', 'g6'], ['Qg4', 'Nxd3'], ['Qg2', 'dxe4'], ['Nxg6+', 'Rxg6'], ['fxg6', 'Rxf1+'], ['Qxf1', 'Nf2+\n'], ['Qxf2', 'Bxf2'], ['Rxh7+', 'Qxh7'], ['gxh7', 'Kxh7'], ['Kg2', 'e3'], ['Kf3', 'Bc6+'], ['Kg4', 'd3']]",0-1
London m1,London,1846.??.??,4,"Horwitz, Bernhard","Kieseritzky, Lionel",,,C64,"[['e4', 'e5'], ['Nf3', 'Nc6'], ['Bb5', 'Bc5'], ['Bxc6', 'dxc6'], ['O-O', 'Qd6'], ['b4', 'Bxb4'], ['c3', 'Ba5'], ['Ba3', 'Qf6\n'], ['d4', 'exd4'], ['e5', 'Qg6'], ['Nxd4', 'Bh3'], ['Qf3', 'Bg4'], ['Qg3', 'O-O-O'], ['Nd2', 'Rxd4'], ['cxd4', 'Bxd2\n'], ['f4', 'Bf5'], ['Bf8', 'Qxg3'], ['hxg3', 'h5'], ['Rf3', 'Be4'], ['Ra3', 'a5'], ['Rd1', 'Bb4'], ['Bxb4', 'axb4\n'], ['Ra8+', 'Kd7'], ['Kf2', 'Bd5'], ['Rb1', 'b6'], ['f5', 'c5'], ['Rb8', 'Be4'], ['Re1', 'Bxf5'], ['dxc5', 'bxc5\n'], ['Rd1+', 'Kc6'], ['Rdd8', 'Be6'], ['Ra8', 'h4'], ['gxh4', 'Rxh4'], ['Rxg8', 'g6'], ['a4', 'b3'], ['Rh8', 'b2\n'], ['Rxh4', 'b1=Q'], ['Rhh8', 'Qb2+'], ['Kf1', 'Bc4+'], ['Kg1', 'Qd4+'], ['Kh1', 'Qa1+'], ['Kh2', 'Qxe5+\n'], ['Kg1', 'Qe3+'], ['Kh2', 'Qf4+'], ['Kg1', 'Qf1+'], ['Kh2', 'Bd5'], ['Kg3', 'Qxg2+'], ['Kf4', 'Qe4+'], ['Kg5', 'Qe3+\n'], ['Kf6', 'Qd4+'], ['Kg5', 'Qe5+'], ['Kh6', 'g5'], ['Kh7', 'Qe4+'], ['Kg7', 'Qg6+'], ['Kf8', 'f6']]",0-1
London m4,London,1846.??.??,4,"Horwitz, Bernhard","Harrwitz, Daniel",,,C44,"[['e4', 'e5'], ['Nf3', 'Nc6'], ['c3', 'Bc5'], ['b4', 'Bb6'], ['b5', 'Nb8'], ['Nxe5', 'Qe7'], ['d4', 'd6'], ['Ba3', 'f6\n'], ['Nf3', 'Qxe4+'], ['Be2', 'Nh6'], ['O-O', 'O-O'], ['Bd3', 'Qe7'], ['Bc4+', 'Kh8'], ['Re1', 'Qd8'], ['Nbd2', 'f5\n'], ['Qc2', 'Nd7'], ['Bd3', 'Nf6'], ['c4', 'c6'], ['c5', 'dxc5'], ['dxc5', 'Bc7'], ['bxc6', 'bxc6'], ['Nc4', 'Ba6\n'], ['Rad1', 'Bxc4'], ['Bxc4', 'Qb8'], ['h3', 'Ne4'], ['Bd3', 'Ba5'], ['Bxe4', 'fxe4'], ['Rxe4', 'Qc8'], ['Bb2', 'Qf5\n'], ['Rd6', 'Rab8'], ['Bd4', 'Nf7'], ['Bxg7+', 'Kxg7'], ['Rg4+', 'Qxg4'], ['hxg4', 'Nxd6'], ['cxd6', 'Bb6\n'], ['Ng5', 'Kh6'], ['Ne4', 'Kg7'], ['Qc3+', 'Kg6'], ['Qxc6', 'Rbc8'], ['Qd5', 'h6'], ['Qe6+', 'Kg7'], ['g5', 'hxg5\n'], ['Qe7+', 'Rf7'], ['Qxg5+', 'Kh8'], ['Nf6', '']]",1-0
London m1,London,1846.??.??,5,"Kieseritzky, Lionel","Horwitz, Bernhard",,,A82,"[['d4', 'd6'], ['e4', 'f5'], ['exf5', 'Bxf5'], ['Qf3', 'Qc8'], ['Bc4', 'Nf6'], ['Bg5', 'Bxc2'], ['Nh3', 'Qg4'], ['Qxg4', 'Nxg4\n'], ['Be6', 'Nf6'], ['Na3', 'Be4'], ['O-O', 'Bd5'], ['Nf4', 'Bxe6'], ['Nxe6', 'Kd7'], ['Rfe1', 'Na6'], ['Rac1', 'c6\n'], ['Rc3', 'Nb4'], ['Rb3', 'Nfd5'], ['Nc4', 'b5'], ['Nxf8+', 'Rhxf8'], ['Rxb4', 'bxc4'], ['Rxc4', 'Rab8\n'], ['b3', 'e6'], ['Bd2', 'Nb6'], ['Rc3', 'Rf5'], ['g4', 'Rd5'], ['Re4', 'Rf8'], ['f4', 'h6'], ['h4', 'h5'], ['Kg2', 'hxg4\n'], ['Rg3', 'Rdf5'], ['Rxg4', 'R8f7'], ['Rg5', 'Nd5'], ['Rxf5', 'Rxf5'], ['Kg3', 'a5'], ['Re2', 'Nf6'], ['Kf3', 'c5\n'], ['Rg2', 'Nh5'], ['dxc5', 'Rxc5'], ['Rg5', 'Rxg5'], ['hxg5', 'a4'], ['bxa4', 'g6'], ['Bc3', 'Kc6'], ['a5', 'e5\n'], ['fxe5', 'Ng7'], ['exd6', 'Ne6'], ['a6', 'Nxg5+'], ['Kf4', 'Ne6+'], ['Ke5', 'Nc5'], ['a7', 'Kb7'], ['Bd4', 'Nd3+\n'], ['Ke6', 'Nb4'], ['d7', 'Nc6'], ['Kd5', 'Ne7+'], ['Kd6', 'Nf5+'], ['Ke6', 'Nxd4+'], ['Kd5', '']]",1-0
London m3,London,1846.??.??,5,"Staunton, Howard","Horwitz, Bernhard",,,C41,"[['e4', 'e5'], ['Nf3', 'd6'], ['d4', 'exd4'], ['Nxd4', 'Nf6'], ['Nc3', 'Be7'], ['Be2', 'O-O'], ['f4', 'c5'], ['Nf3', 'Nc6\n'], ['O-O', 'Bg4'], ['Be3', 'a6'], ['a3', 'Bxf3'], ['Bxf3', 'Rc8'], ['Ne2', 'Qc7'], ['Ng3', 'Rfe8'], ['c3', 'Rcd8\n'], ['Qc2', 'Bf8'], ['Rad1', 'b6'], ['b4', 'Na7'], ['c4', 'cxb4'], ['axb4', 'd5'], ['Qf2', 'Nc8'], ['cxd5', 'Bxb4\n'], ['e5', 'Nd7'], ['d6', 'Qb8'], ['Bc6', 'g6'], ['Ne4', 'Re6'], ['Qh4', 'Na7'], ['Bxd7', 'Rxd7'], ['Ng5', 'h5\n'], ['Nxe6', 'fxe6'], ['f5', 'a5'], ['fxe6', 'Rg7'], ['e7', '']]",1-0
London m4,London,1846.??.??,5,"Harrwitz, Daniel","Horwitz, Bernhard",,,C44,"[['e4', 'e5'], ['Nf3', 'Nc6'], ['c3', 'g6'], ['Bc4', 'Bg7'], ['d4', 'd6'], ['O-O', 'Qe7'], ['Ng5', 'Nh6'], ['d5', 'Nd8\n'], ['f4', 'O-O'], ['fxe5', 'Ng4'], ['e6', 'Ne5'], ['exf7+', 'Ndxf7'], ['Nxf7', 'Nxc4'], ['Nh6+', 'Kh8'], ['Rxf8+', 'Bxf8\n'], ['Qd4+', 'Ne5'], ['Na3', 'Qh4'], ['Bg5', 'Qh5'], ['Nf7+', 'Kg8'], ['Nxe5', 'Bg7'], ['Qf2', 'Bxe5'], ['Bf4', 'Bd7\n'], ['Bxe5', 'Qxe5'], ['Rf1', 'Qe7'], ['Qf4', 'Re8'], ['c4', 'c6'], ['Nc2', 'cxd5'], ['exd5', 'Bf5'], ['Re1', 'Qf7\n'], ['Rxe8+', 'Qxe8'], ['Ne3', 'Qe4'], ['Qxe4', 'Bxe4'], ['b4', 'b6'], ['Kf2', 'Kf7'], ['Ke2', 'Kf6'], ['Kd2', 'Ke5\n'], ['Kc3', 'h5'], ['g3', 'Bb1'], ['Nf1', 'b5'], ['a3', 'bxc4'], ['Nd2', 'Ba2'], ['Nxc4+', 'Kxd5'], ['Na5', 'Ke4\n'], ['b5', 'Ke3'], ['a4', 'd5'], ['Kb2', 'Bc4'], ['Nxc4+', 'dxc4'], ['Kc3', '']]",1-0
London m4,London,1846.??.??,5,"Harrwitz, Daniel","Horwitz, Bernhard",,,C50,"[['e4', 'e5'], ['Nf3', 'Nc6'], ['c3', 'g6'], ['Bc4', 'd6'], ['d4', 'Bg7'], ['O-O', 'Qe7'], ['h3', 'Nf6'], ['d5', 'Nd8'], ['Bd3', 'Nd7\n'], ['b4', 'O-O'], ['Qc2', 'Nb6'], ['c4', 'f5'], ['Bg5', 'Qf7'], ['Nbd2', 'fxe4'], ['Bxe4', 'Bf5'], ['Rad1', 'Nd7\n'], ['Bxd8', 'Raxd8'], ['Ng5', 'Qf6'], ['Bxf5', 'Qxg5'], ['Be6+', 'Kh8'], ['Ne4', 'Qe7'], ['c5', 'dxc5'], ['bxc5', 'Nf6\n'], ['f3', 'c6'], ['Nxf6', 'Bxf6'], ['Qc4', 'cxd5'], ['Bxd5', 'Rc8'], ['Rc1', 'Bg5'], ['Rc3', 'Rfd8'], ['Rb1', 'Rc7\n'], ['Qb3', 'Qd7'], ['Bxb7', 'Rxb7'], ['Qxb7', 'Qd4+'], ['Kh1', 'Qxc3'], ['c6', 'Qc2'], ['c7', 'Rd1+'], ['Rxd1', 'Qxd1+\n'], ['Kh2', 'Bf4+'], ['g3', 'Qe2+'], ['Kh1', 'Qf1+'], ['Kh2', 'Qf2+'], ['Kh1', 'Qe1+'], ['Kg2', 'Qxg3+'], ['Kf1', 'Qxh3+\n'], ['Ke2', 'Qg2+'], ['Kd3', 'Qd2+'], ['Kc4', 'Qc2+'], ['Kb5', 'Qd3+'], ['Kc5', 'Qc3+'], ['Kb5', 'Qd3+'], ['Kc5', 'Be3+\n'], ['Kc6', 'Qc4+'], ['Kd6', 'Bc5+'], ['Kd7', 'Qf7+']]",0-1
London m3,London,1846.??.??,6,"Horwitz, Bernhard","Staunton, Howard",,,C54,"[['e4', 'e5'], ['Nf3', 'Nc6'], ['Bc4', 'Bc5'], ['c3', 'Nf6'], ['d4', 'exd4'], ['e5', 'd5'], ['Bb5', 'Ne4'], ['cxd4', 'Bb6\n'], ['O-O', 'O-O'], ['h3', 'f6'], ['Nc3', 'fxe5'], ['Bxc6', 'bxc6'], ['Nxe5', 'Ba6'], ['Ne2', 'c5'], ['Be3', 'cxd4\n'], ['Bxd4', 'Bxe2'], ['Qxe2', 'Bxd4'], ['Nc6', 'Qf6'], ['Nxd4', 'Qxd4'], ['Rad1', 'Qc5'], ['Rc1', 'Qb6\n'], ['b3', 'Ng3'], ['Qd3', 'Nxf1']]",0-1
London m4,London,1846.??.??,6,"Horwitz, Bernhard","Harrwitz, Daniel",,,C44,"[['e4', 'e5'], ['Nf3', 'Nc6'], ['c3', 'f5'], ['exf5', 'd5'], ['Bb5', 'Bd6'], ['d4', 'e4'], ['Bg5', 'Ne7'], ['Nh4', 'O-O\n'], ['g4', 'Qe8'], ['Nd2', 'Bd7'], ['Qe2', 'Nc8'], ['Ng2', 'a6'], ['Ba4', 'h6'], ['Be3', 'N6e7'], ['Bxd7', 'Qxd7\n'], ['Nf4', 'Bxf4'], ['Bxf4', 'Nd6'], ['O-O-O', 'Qa4'], ['Bxd6', 'cxd6'], ['Kb1', 'b5'], ['f3', 'Nc6'], ['fxe4', 'Rfe8\n'], ['Qd3', 'dxe4'], ['Nxe4', 'Red8'], ['f6', 'Ra7'], ['fxg7', 'Rxg7'], ['Rhf1', 'b4'], ['Qc4+', 'Kh8'], ['Qe6', 'bxc3\n'], ['Qxh6+', 'Rh7'], ['Rf8+', '']]",1-0
London m1,London,1846.??.??,6,"Horwitz, Bernhard","Kieseritzky, Lionel",,,C45,"[['e4', 'e5'], ['Nf3', 'Nc6'], ['d4', 'exd4'], ['Nxd4', 'Bc5'], ['Nf5', 'g6'], ['Ne3', 'd6'], ['Bd3', 'Nf6'], ['Nc3', 'Ng4\n'], ['O-O', 'Qh4'], ['h3', 'Nxf2'], ['Rxf2', 'Bxe3'], ['Qf3', 'Bxf2+'], ['Qxf2', 'Qxf2+'], ['Kxf2', 'f5'], ['Nd5', 'fxe4\n'], ['Bxe4', 'O-O+'], ['Kg3', 'Rf7'], ['Bh6', 'Bf5'], ['Bf3', 'Nd4'], ['c3', 'Nxf3'], ['gxf3', 'c6'], ['Ne3', 'Re8\n'], ['Nc4', 'Re6'], ['h4', 'Rfe7']]",0-1
London m4,London,1846.??.??,7,"Harrwitz, Daniel","Horwitz, Bernhard",,,C50,"[['e4', 'e5'], ['Nf3', 'Nc6'], ['c3', 'g6'], ['Bc4', 'd6'], ['d4', 'Bg7'], ['O-O', 'Nge7'], ['d5', 'Nb8'], ['Nh4', 'O-O\n'], ['g3', 'Bh3'], ['Ng2', 'f5'], ['f3', 'Nd7'], ['Bg5', 'Nf6'], ['Bxf6', 'Rxf6'], ['Nd2', 'Qd7'], ['Qb3', 'b6\n'], ['Rf2', 'Raf8'], ['Raf1', 'Bxg2'], ['Kxg2', 'f4'], ['Bb5', 'Qc8'], ['Qa4', 'fxg3'], ['hxg3', 'a5'], ['Bd7', 'Qd8\n'], ['Be6+', 'Kh8'], ['c4', 'Bh6'], ['Qd1', 'Nc6'], ['Rh1', 'Be3'], ['Rff1', 'Bxd2'], ['Qxd2', 'Nd4'], ['Rxh7+', 'Kxh7\n'], ['Rh1+', 'Kg7'], ['Qh6+', '']]",1-0
London m1,London,1846.??.??,7,"Kieseritzky, Lionel","Horwitz, Bernhard",,,C42,"[['e4', 'e5'], ['Bc4', 'Nf6'], ['Nf3', 'Nxe4'], ['d3', 'Nf6'], ['Nxe5', 'd5'], ['Qe2', 'Be6'], ['Bb3', 'Bd6'], ['f4', 'O-O\n'], ['O-O', 'Nbd7'], ['Nc3', 'Bc5+'], ['Kh1', 'Nxe5'], ['fxe5', 'Ng4'], ['Bf4', 'c6'], ['Ne4', 'dxe4'], ['Bxe6', 'Nf2+\n'], ['Rxf2', 'Bxf2'], ['Bb3', 'Qd4'], ['Rf1', 'e3'], ['g3', 'Rad8'], ['Bg5', 'Rd7'], ['e6', 'fxe6'], ['Bxe6+', 'Kh8\n'], ['Qxe3', 'Qxe3'], ['Bxe3', 'Re7'], ['Bc5', 'Rxe6'], ['Bxf8', 'Re2'], ['Kg2', 'Bd4+'], ['Kh3', 'Rxc2\n'], ['Ba3', 'h6'], ['Kg4', 'Bxb2'], ['Bd6', 'Bf6'], ['h4', 'Rxa2'], ['Kf5', 'Kh7'], ['Ke6', 'Rd2'], ['Rf3', 'a5\n'], ['Kd7', 'Rc2'], ['d4', 'Bxd4']]",0-1
London m3,London,1846.??.??,7,"Staunton, Howard","Horwitz, Bernhard",,,C44,"[['e4', 'e5'], ['Nf3', 'Nc6'], ['d4', 'exd4'], ['Bc4', 'Bb4+'], ['c3', 'dxc3'], ['bxc3', 'Ba5'], ['O-O', 'd6'], ['e5', 'Be6\n'], ['Bxe6', 'fxe6'], ['exd6', 'Qxd6'], ['Qb3', 'O-O-O'], ['Ng5', 'Rd7'], ['Nxe6', 'Bb6'], ['Ng5', 'Nh6'], ['Nd2', 'Ng4\n'], ['Ndf3', 'Nxf2'], ['Rxf2', 'Qd1+']]",0-1
London m1,London,1846.??.??,8,"Horwitz, Bernhard","Kieseritzky, Lionel",,,C44,"[['e4', 'e5'], ['Nf3', 'Nc6'], ['c3', 'Nf6'], ['d4', 'Nxe4'], ['dxe5', 'd5'], ['Bb5', 'Bc5'], ['O-O', 'O-O'], ['Bxc6', 'bxc6\n'], ['Nd4', 'Ba6'], ['Re1', 'Qh4'], ['Be3', 'Rae8'], ['Nf5', 'Bxe3'], ['Nxh4', 'Bxf2+'], ['Kh1', 'Bxh4'], ['Rxe4', 'dxe4\n'], ['Qg4', 'Be7'], ['Qxe4', 'Bb7'], ['Nd2', 'Kh8'], ['Qa4', 'Bc5'], ['Re1', 'Re6'], ['Nf3', 'Rfe8'], ['Ng5', 'R6e7\n'], ['Qc4', '']]",1-0
London m3,London,1846.??.??,8,"Horwitz, Bernhard","Staunton, Howard",,,C54,"[['e4', 'e5'], ['Nf3', 'Nc6'], ['Bc4', 'Bc5'], ['c3', 'Nf6'], ['d3', 'd6'], ['Ng5', 'O-O'], ['f4', 'd5'], ['exd5', 'Nxd5\n'], ['Bxd5', 'Qxd5'], ['Qf3', 'Qd7'], ['Qe4', 'Qf5'], ['g4', 'Qxe4+'], ['Nxe4', 'Bb6'], ['f5', 'f6'], ['Na3', 'Ne7\n'], ['Nc4', 'Bd7'], ['a4', 'Bc6'], ['a5', 'Bxe4'], ['dxe4', 'Bc5'], ['b4', 'Bd6'], ['Be3', 'a6'], ['Ke2', 'Rfd8\n'], ['Rad1', 'Nc6'], ['Nxd6', 'cxd6'], ['Bb6', 'Rd7'], ['Rd3', 'Rc8'], ['Rhd1', 'Ne7'], ['Rxd6', 'Rxd6'], ['Rxd6', 'Rxc3\n'], ['Rd8+', 'Kf7'], ['Bc5', 'Ng6'], ['fxg6+', 'Kxg6'], ['Rd7', 'Rc2+'], ['Kf3', 'Rxh2'], ['Bf8', 'Rh3+\n'], ['Kg2', '']]",1-0
London m4,London,1846.??.??,8,"Horwitz, Bernhard","Harrwitz, Daniel",,,C44,"[['e4', 'e5'], ['Nf3', 'Nc6'], ['c3', 'd5'], ['exd5', 'Qxd5'], ['c4', 'Qe4+'], ['Be2', 'Be7'], ['O-O', 'Nh6'], ['Nc3', 'Qg6\n'], ['Nd5', 'Bd8'], ['d3', 'O-O'], ['Ne1', 'f5'], ['f4', 'e4'], ['Nc2', 'exd3'], ['Bxd3', 'Ne7'], ['b3', 'Nxd5\n'], ['cxd5', 'Ng4'], ['h3', 'Qb6+'], ['Kh1', 'Nf2+'], ['Rxf2', 'Qxf2'], ['Be3', 'Qh4'], ['Qd2', 'Be7'], ['Re1', 'Bd6\n'], ['Nd4', 'a5'], ['Nb5', 'Bb4'], ['Nc3', 'Bd7'], ['Bd4', 'c6'], ['dxc6', 'Bxc6'], ['Kh2', 'Rad8'], ['g3', 'Qh5\n'], ['Bc4+', 'Kh8'], ['Qf2', 'Rxd4'], ['Be2', 'Rd2'], ['Qe3', 'Bxc3'], ['g4', 'fxg4'], ['Qxc3', 'Qd5'], ['Qg3', 'Rxe2+']]",0-1
London m3,London,1846.??.??,9,"Staunton, Howard","Horwitz, Bernhard",,,C53,"[['e4', 'e5'], ['Nf3', 'Nc6'], ['Bc4', 'Bc5'], ['c3', 'd6'], ['d3', 'Qe7'], ['Be3', 'Bb6'], ['Nbd2', 'Nf6'], ['b4', 'Be6\n'], ['Bb5', 'O-O'], ['Nc4', 'Ng4'], ['Bxb6', 'axb6'], ['Bxc6', 'bxc6'], ['Ncd2', 'f5'], ['a4', 'fxe4'], ['dxe4', 'd5\n'], ['Qe2', 'b5'], ['O-O', 'bxa4'], ['h3', 'Nh6'], ['exd5', 'Bxd5'], ['Qxe5', 'Qxe5'], ['Nxe5', 'Nf7'], ['Nec4', 'Rfe8\n'], ['Ne3', 'Nd6'], ['Rfc1', 'Be6'], ['Nf3', 'Nc4'], ['Nxc4', 'Bxc4'], ['Nd4', 'Ra6'], ['Ra3', 'Kf7'], ['Rca1', 'Rea8\n'], ['f4', 'g6'], ['Kf2', 'h5'], ['g4', 'hxg4'], ['hxg4', 'Kf6'], ['g5+', 'Ke7'], ['Re1+', 'Kd6'], ['Nf3', 'Rf8\n'], ['Kg3', 'Bb3'], ['Nd2', 'Bc2'], ['Nc4+', 'Kd7'], ['Re2', 'Bf5'], ['Ra1', 'Kc8'], ['Na5', 'Rh8'], ['Kg2', 'Rh3\n'], ['Rd1', 'Rxa5'], ['bxa5', 'Rxc3'], ['a6', 'Kb8'], ['Rd4', 'Bc2'], ['f5', 'gxf5'], ['g6', 'Ka7'], ['g7', 'Bb3\n'], ['Rxa4', 'Bd5+'], ['Kh2', 'Rc1'], ['Rg2', 'Bg8'], ['Rb2', 'Bd5'], ['Rb7+', 'Ka8'], ['a7', 'Rh1+'], ['Kg3', 'Rg1+\n'], ['Kf2', '']]",1-0
London m1,London,1846.??.??,9,"Kieseritzky, Lionel","Horwitz, Bernhard",,,C42,"[['e4', 'e5'], ['Bc4', 'Nf6'], ['Nf3', 'Nxe4'], ['d3', 'Nf6'], ['Nxe5', 'd5'], ['Qe2', 'Be6'], ['Bb3', 'c6'], ['f4', 'Be7\n'], ['O-O', 'g6'], ['Nd2', 'Nbd7'], ['Ndf3', 'Nc5'], ['Be3', 'a5'], ['c3', 'Nxb3'], ['axb3', 'O-O'], ['Rae1', 'Ne8\n'], ['Ng5', 'Bxg5'], ['fxg5', 'Ng7'], ['g4', 'f5'], ['gxf6', 'Rxf6'], ['Bh6', 'Rxf1+'], ['Rxf1', 'Qb6+'], ['d4', 'Re8\n'], ['Qf2', 'Qd8'], ['h4', 'Rf8'], ['Qxf8+', 'Qxf8'], ['Rxf8+', 'Kxf8'], ['Kf2', 'Kg8'], ['Bxg7', 'Kxg7\n'], ['Kf3', 'Kf6'], ['Nd3', 'b6'], ['Kf4', 'h6'], ['g5+', 'hxg5+'], ['hxg5+', 'Kg7'], ['Ke5', 'Bf5'], ['Nf4', 'Bc2\n'], ['Kd6', 'Bxb3'], ['Kxc6', 'Kf7'], ['Kxb6', 'a4'], ['Kc5', 'Ke7'], ['Nxg6+', 'Ke6'], ['Ne5', '']]",1-0
London m3,London,1846.??.??,10,"Horwitz, Bernhard","Staunton, Howard",,,C54,"[['e4', 'e5'], ['Nf3', 'Nc6'], ['Bc4', 'Bc5'], ['c3', 'Nf6'], ['d3', 'd6'], ['Ng5', 'O-O'], ['f4', 'd5'], ['exd5', 'Nxd5\n'], ['Bxd5', 'Qxd5'], ['Qf3', 'Rd8'], ['Qxd5', 'Rxd5'], ['Ke2', 'Bg4+'], ['Nf3', 'Rad8'], ['d4', 'exd4'], ['c4', 'Re8+\n'], ['Kf2', 'Rd7'], ['Nbd2', 'd3+'], ['Kg3', 'Bxf3'], ['Nxf3', 'Re2'], ['Bd2', 'Rd6'], ['Rad1', 'Rg6+'], ['Kh3', 'Rh6+\n'], ['Nh4', 'Be7'], ['g3', 'Nd4'], ['Bc3', 'Ne6'], ['Kg4', 'Bxh4'], ['gxh4', 'Re4'], ['Rhf1', 'Rg6+'], ['Kf5', 'Re3\n'], ['h5', 'Rg2'], ['h4', 'Nc5'], ['Rde1', 'g6+']]",0-1
London m4,London,1846.??.??,10,"Horwitz, Bernhard","Harrwitz, Daniel",,,C50,"[['e4', 'e5'], ['Nf3', 'Nc6'], ['Bc4', 'Bc5'], ['Nc3', 'd6'], ['d3', 'Nf6'], ['O-O', 'Be6'], ['Bb5', 'O-O'], ['Bxc6', 'bxc6\n'], ['Bg5', 'Rb8'], ['Na4', 'Bb6'], ['Nd2', 'h6'], ['Bh4', 'Kh7'], ['Kh1', 'g5'], ['Bg3', 'h5'], ['Nf3', 'Ng4\n'], ['h4', 'f6'], ['Nc3', 'Rg8'], ['Ne2', 'Nh6'], ['Nfg1', 'f5'], ['hxg5', 'Qxg5'], ['Nf3', 'Qg4'], ['exf5', 'Nxf5\n'], ['Ne1', 'h4'], ['Bh2', 'h3'], ['Ng3', 'Nxg3+'], ['fxg3', 'hxg2+'], ['Nxg2', 'Qh3'], ['Qf3', 'Rg6'], ['Qe4', 'Bd5\n'], ['Qe2', 'Rh6']]",0-1
London m1,London,1846.??.??,10,"Horwitz, Bernhard","Kieseritzky, Lionel",,,C51,"[['e4', 'e5'], ['Nf3', 'Nc6'], ['Bc4', 'Bc5'], ['b4', 'Bxb4'], ['c3', 'Bd6'], ['O-O', 'Qe7'], ['d4', 'Nd8'], ['dxe5', 'Bxe5\n'], ['Nxe5', 'Qxe5'], ['Qd3', 'Nf6'], ['f4', 'Qxe4'], ['Qxe4+', 'Nxe4'], ['Re1', 'f5'], ['Nd2', 'Ne6'], ['Nxe4', 'fxe4\n'], ['Rxe4', 'g6'], ['Ba3', 'Kf7'], ['Rf1', 'd6'], ['g4', 'Rg8'], ['Rfe1', '']]",1-0
London m1,London,1846.??.??,11,"Kieseritzky, Lionel","Horwitz, Bernhard",,,A85,"[['d4', 'f5'], ['c4', 'e6'], ['Nc3', 'Nf6'], ['Nf3', 'Be7'], ['e3', 'b6'], ['Bd3', 'Bb7'], ['b3', 'g6'], ['Bb2', 'c5'], ['d5', 'exd5\n'], ['Nxd5', 'O-O'], ['Be2', 'Nxd5'], ['cxd5', 'd6'], ['h4', 'Bf6'], ['Bxf6', 'Qxf6'], ['Ng5', 'h6'], ['Ne6', 'Rf7\n'], ['Rc1', 'Na6'], ['Bxa6', 'Bxa6'], ['Rh3', 'Re8'], ['Qd2', 'Bb7'], ['Rg3', 'Rfe7'], ['Qc3', 'Kf7'], ['Kf1', 'Rg8\n'], ['Qxf6+', 'Kxf6'], ['Rd1', 'Ke5'], ['f3', 'Bxd5'], ['Nf4', 'Bf7'], ['Kf2', 'd5'], ['Nd3+', 'Kd6'], ['f4', 'Re4\n'], ['Ne5', 'Rxe5'], ['fxe5+', 'Kxe5'], ['Rf3', 'Be6'], ['Rh3', 'Rc8'], ['Rhh1', 'b5'], ['Rc1', 'c4'], ['Rhd1', 'a5\n'], ['Rd4', 'b4'], ['Ke2', 'a4'], ['Kd2', 'axb3'], ['axb3', 'Ra8'], ['Rc2', 'Ra3'], ['bxc4', 'dxc4'], ['Rd8', 'c3+\n'], ['Kd3', 'Bb3'], ['Rc1', 'Ra2'], ['Re8+', 'Be6'], ['Rc2', 'Ra7'], ['Rb8', 'Ra4'], ['Rc1', 'Ra2'], ['Rxb4', 'Rd2+\n'], ['Kxc3', 'Rxg2'], ['Ra1', 'Rg3'], ['Ra5+', 'Kf6'], ['Kd3', 'g5'], ['Ke2', 'Rh3'], ['Ra6', 'Rh2+'], ['Kf3', 'Rh3+\n'], ['Kf2', 'Rxh4'], ['Rxh4', 'gxh4'], ['Kf3', 'h3'], ['Kg3', 'h5'], ['Rb6', 'h4+'], ['Kh2', 'Ke5'], ['Rb4', 'Bd5\n'], ['Rxh4', 'Bg2'], ['Kg3', 'Bf1']]",1/2-1/2
London m3,London,1846.??.??,11,"Staunton, Howard","Horwitz, Bernhard",,,A83,"[['d4', 'f5'], ['e4', 'fxe4'], ['Nc3', 'Nf6'], ['Bg5', 'c6'], ['Bxf6', 'exf6'], ['Nxe4', 'd5'], ['Ng3', 'Bd6'], ['Bd3', 'O-O\n'], ['N1e2', 'f5'], ['f4', 'c5'], ['c3', 'cxd4'], ['cxd4', 'Bb4+'], ['Kf2', 'Nc6'], ['Rf1', 'Ba5'], ['Kg1', 'Bb6\n'], ['Bb5', 'Qf6'], ['Bxc6', 'bxc6'], ['Rf3', 'c5'], ['dxc5', 'Bxc5+'], ['Kh1', 'Bb7'], ['Rb3', 'Bb6'], ['a4', 'a5\n'], ['Nxf5', 'Qxf5'], ['Rxb6', 'Ba6'], ['Ng3', 'Qxf4'], ['Qxd5+', 'Kh8'], ['Qxa5', 'Rac8'], ['Qe1', 'Rfe8\n'], ['Qg1', 'Bd3'], ['a5', 'Bc4'], ['a6', 'Bd5'], ['Rd1', 'Qe5'], ['Nf1', 'Rc2'], ['Rxd5', 'Qxd5'], ['Ne3', 'Qd2\n'], ['Nxc2', 'Qxc2'], ['a7', 'Qc7'], ['Re6', 'Ra8'], ['Qe3', 'h6'], ['Re8+', 'Rxe8'], ['Qxe8+', 'Kh7'], ['Qe4+', 'g6\n'], ['Qe3', 'Qb7'], ['h3', 'h5'], ['b4', 'h4'], ['b5', 'Qd5'], ['Qe7+', 'Kh6'], ['Qxh4+', 'Kg7'], ['Qe7+', 'Kh6\n'], ['Qe3+', 'g5'], ['b6', 'Qd1+'], ['Kh2', 'Qd6+'], ['Qg3', 'Qxb6'], ['a8=Q', 'Qf6'], ['Qab8', 'Kg6'], ['Qgd6', '']]",1-0
London m4,London,1846.??.??,11,"Harrwitz, Daniel","Horwitz, Bernhard",,,C44,"[['e4', 'e5'], ['Nf3', 'Nc6'], ['c3', 'g6'], ['Bc4', 'Bg7'], ['d4', 'd6'], ['O-O', 'a6'], ['Ng5', 'Nh6'], ['d5', 'Ne7'], ['f4', 'O-O\n'], ['fxe5', 'Bxe5'], ['h3', 'f5'], ['Ne6', 'Bxe6'], ['Bxh6', 'Bd7'], ['Bxf8', 'Qxf8'], ['exf5', 'gxf5'], ['Qh5', 'Qg7\n'], ['Nd2', 'Kh8'], ['Rae1', 'Rg8'], ['Re2', 'Qg3'], ['Nf3', 'Ng6'], ['Nxe5', 'Nxe5'], ['Bb3', 'f4'], ['Bc2', 'Rg7\n'], ['Be4', 'Bb5'], ['Rfe1', 'Bxe2'], ['Rxe2', 'f3']]",1/2-1/2
London m3,London,1846.??.??,12,"Horwitz, Bernhard","Staunton, Howard",,,C54,"[['e4', 'e5'], ['Nf3', 'Nc6'], ['Bc4', 'Bc5'], ['c3', 'Nf6'], ['d3', 'd6'], ['b4', 'Bb6'], ['a4', 'a5'], ['b5', 'Ne7'], ['Qb3', 'O-O\n'], ['Ng5', 'Qe8'], ['f4', 'exf4'], ['Kd1', 'Ng6'], ['Rf1', 'Bg4+'], ['Kc2', 'h6'], ['Nf3', 'Rd8'], ['Ba3', 'Be3\n'], ['Nbd2', 'Nd7'], ['d4', 'Be6'], ['h3', 'Nb6'], ['d5', 'Bc8'], ['Bd3', 'f5'], ['Rfe1', 'Qf7'], ['c4', 'fxe4\n'], ['Nxe4', 'Bf5'], ['Bb2', 'Bxe4'], ['Bxe4', 'Nd7'], ['Qd3', 'Nge5'], ['Nxe5', 'dxe5'], ['Ba3', 'Nc5'], ['Bxc5', 'Bxc5\n'], ['Bh7+', 'Kh8'], ['Rxe5', 'Qf6'], ['Rae1', 'Be3'], ['Re6', 'Qh4'], ['Re2', 'Rd6'], ['Bf5', 'Rxe6'], ['Bxe6', 'b6\n'], ['Qg6', 'Qf6'], ['Qxf6', 'Rxf6'], ['Kd3', 'g5'], ['Bg4', 'Kg7'], ['Bh5', 'Rf8'], ['g3', 'Kf6'], ['gxf4', 'gxf4\n'], ['Rg2', 'Ke5'], ['Rg6', 'Rf6'], ['Rg7', 'Bc5'], ['Bf3', 'Bd6']]",1/2-1/2
London m4,London,1846.??.??,12,"Horwitz, Bernhard","Harrwitz, Daniel",,,C44,"[['e4', 'e5'], ['Nf3', 'Nc6'], ['d4', 'exd4'], ['Bc4', 'Bb4+'], ['c3', 'dxc3'], ['O-O', 'd6'], ['Qb3', 'Qe7'], ['Bb5', 'Bc5\n'], ['Nxc3', 'Be6'], ['Qa4', 'Qd7'], ['Nd5', 'Nge7'], ['Nxe7', 'Kxe7'], ['Rd1', 'f6'], ['Bf4', 'g5'], ['Bg3', 'h5\n'], ['e5', 'h4'], ['exf6+', 'Kxf6'], ['Be5+', 'Kg6'], ['Bxh8', 'Rxh8'], ['Ne5+', '']]",1-0
London m1,London,1846.??.??,12,"Horwitz, Bernhard","Kieseritzky, Lionel",,,C51,"[['e4', 'e5'], ['Nf3', 'Nc6'], ['Bc4', 'Bc5'], ['b4', 'Bxb4'], ['c3', 'Ba5'], ['O-O', 'd6'], ['d4', 'exd4'], ['cxd4', 'Bb6\n'], ['Bb2', 'Nf6'], ['Nbd2', 'O-O'], ['d5', 'Ne7'], ['Bxf6', 'gxf6'], ['Nh4', 'Ng6'], ['Qh5', 'Qe7'], ['Nf5', 'Bxf5\n'], ['exf5', 'Ne5'], ['Rae1', 'Rae8'], ['Re4', 'Kg7'], ['Rh4', 'Rh8'], ['Qh6+', 'Kg8'], ['Rh3', 'Ng4'], ['Qf4', 'h5\n'], ['Rg3', 'Kf8'], ['h3', 'Qe5'], ['Qxe5', 'Nxe5'], ['Bb3', 'h4'], ['Rc3', 'Ba5'], ['Rc2', 'Rg8'], ['Kh2', 'Bb6\n'], ['f4', 'Nd3'], ['Rc3', 'Re2']]",0-1
London m3,London,1846.??.??,13,"Staunton, Howard","Horwitz, Bernhard",,,A85,"[['d4', 'f5'], ['c4', 'Nf6'], ['Nc3', 'e6'], ['e3', 'c6'], ['Bd3', 'Na6'], ['a3', 'Nc7'], ['e4', 'fxe4'], ['Nxe4', 'Be7\n'], ['Nxf6+', 'Bxf6'], ['Qh5+', 'g6'], ['Qh6', 'Qe7'], ['Nf3', 'd6'], ['O-O', 'Bd7'], ['b4', 'O-O-O'], ['Rb1', 'Qg7\n'], ['Qe3', 'd5'], ['c5', 'Rhe8'], ['Ne5', 'Bxe5'], ['dxe5', 'a6'], ['a4', 'Re7'], ['Bd2', 'Be8'], ['Qd4', 'h6\n'], ['Rb3', 'g5'], ['b5', 'cxb5'], ['axb5', 'axb5'], ['Ra1', 'Bc6'], ['Ba5', 'Ree8'], ['Bxc7', 'Qxc7'], ['Bxb5', 'Kd7\n'], ['Rab1', 'Rb8'], ['f4', 'Rf8'], ['fxg5', 'hxg5'], ['Qe3', 'Bxb5'], ['Rxb5', 'Rf5'], ['c6+', 'Qxc6'], ['Qa7', 'Rc8\n'], ['Rxb7+', 'Ke8'], ['Rb8', 'Rf7'], ['Rxc8+', 'Qxc8'], ['Qa4+', 'Kf8'], ['Qa3+', 'Kg7'], ['Qe3', 'Rf5\n'], ['h3', 'Qc7'], ['Re1', 'Qc4'], ['Qa7+', 'Kg6'], ['Qb8', 'Qc5+'], ['Kh2', 'Qf8'], ['Qb3', 'Rf2'], ['Qb6', 'Qf5\n'], ['Qb8', 'Qf7'], ['Kg1', 'Rf4'], ['Qb1+', 'Kh6'], ['Qb8', 'g4'], ['hxg4', 'Rxg4'], ['Rf1', 'Rf4'], ['Re1', 'Kg5\n'], ['Qb6', 'Kg4'], ['Qe3', 'Qf5'], ['Qa7', 'Re4'], ['Qg7+', 'Qg5'], ['Rxe4+', 'dxe4'], ['Qxg5+', 'Kxg5\n'], ['Kf2', 'Kf4'], ['g3+', 'Kxe5'], ['Ke3', 'Kd5'], ['Ke2', 'Kd4'], ['g4', 'e3'], ['g5', 'Ke5'], ['Kxe3', 'Kf5\n'], ['g6', 'Kxg6'], ['Ke4', '']]",1/2-1/2
London m3,London,1846.??.??,14,"Horwitz, Bernhard","Staunton, Howard",,,C45,"[['e4', 'e5'], ['Nf3', 'Nc6'], ['d4', 'exd4'], ['Nxd4', 'Qh4'], ['Nb5', 'Qxe4+'], ['Be2', 'Qe5'], ['f4', 'Qc5'], ['Nxc7+', 'Kd8\n'], ['Nxa8', 'Nf6'], ['Nc3', 'Be7'], ['Qd2', 'Re8'], ['Na4', 'Qf5'], ['O-O', 'Ne4'], ['Qd3', 'Qe6'], ['f5', 'Qf6\n'], ['Bf4', 'Bd6'], ['Bxd6', 'Nxd6'], ['Rad1', 'Nb4'], ['Qxd6', 'Qxd6'], ['Rxd6', 'Rxe2'], ['c3', 'Nc2'], ['f6', 'g6\n'], ['Rfd1', 'Ne3'], ['R6d2', 'Rxg2+'], ['Rxg2', 'Nxd1'], ['Re2', 'b6'], ['Re1', 'b5'], ['Nc5', 'Nxb2'], ['Re7', 'd6\n'], ['Nb7+', 'Bxb7'], ['Rxb7', 'Nc4'], ['Rxf7', 'Ne5'], ['Rxa7', '']]",1-0
London m3,London,1846.??.??,15,"Staunton, Howard","Horwitz, Bernhard",,,C53,"[['e4', 'e5'], ['Nf3', 'Nc6'], ['Bc4', 'Bc5'], ['c3', 'd6'], ['d4', 'exd4'], ['cxd4', 'Bb6'], ['Nc3', 'Bg4'], ['Be3', 'Nf6\n'], ['a3', 'O-O'], ['Be2', 'Re8'], ['d5', 'Ne5'], ['Nxe5', 'Bxe2'], ['Qxe2', 'Rxe5'], ['Bxb6', 'axb6'], ['O-O', 'Nxe4\n'], ['Nxe4', 'f5'], ['f3', 'fxe4'], ['fxe4', 'Qe7'], ['Rae1', 'Re8'], ['Rf4', 'h6'], ['Qf3', 'Rxd5'], ['Rf1', 'Re5\n'], ['Rf7', 'Qe6'], ['Rxc7', 'Rxe4'], ['Rxb7', 'd5'], ['h3', 'Re1'], ['Rxe1', 'Qxe1+'], ['Qf1', 'Qe3+'], ['Qf2', 'Qc1+\n'], ['Kh2', 'Rf8'], ['Qd4', 'Rf6'], ['Qxd5+', 'Kh7'], ['Qe5', 'Rg6'], ['Re7', 'Qd2'], ['Qe4', 'Qd6+'], ['Re5', 'Kg8\n'], ['Qd5+', 'Qxd5'], ['Rxd5', 'Kf7'], ['Rb5', 'Ke7'], ['g4', 'Kd7'], ['Kg3', 'Kc6'], ['Re5', 'Rd6'], ['Re3', 'Kc5\n'], ['h4', 'g6'], ['Kf4', 'Kd4'], ['Re4+', 'Kd5'], ['Re8', 'Rf6+'], ['Ke3', 'Kc4'], ['Re4+', 'Kd5'], ['Rf4', 'Rc6\n'], ['Rb4', 'Re6+'], ['Kd3', 'Rf6'], ['Rb5+', 'Kc6'], ['Re5', 'Kd6'], ['Rb5', 'Kc6'], ['Rb4', 'Rf3+'], ['Ke2', 'Rh3\n'], ['Rf4', 'Rxh4'], ['Rf6+', 'Kb5'], ['Rxg6', 'Rh2+'], ['Kf3', 'Rxb2'], ['Rxh6', 'Rb3+'], ['Kf4', 'Rxa3\n'], ['g5', 'Ra1'], ['Rh4', 'Kc5'], ['g6', 'Ra7'], ['Kf5', 'b5'], ['Rg4', 'b4'], ['g7', 'Rxg7'], ['Rxg7', 'b3\n'], ['Ke4', 'Kb4'], ['Kd3', '']]",1-0
London m3,London,1846.??.??,16,"Horwitz, Bernhard","Staunton, Howard",,,C44,"[['e4', 'e5'], ['Nf3', 'Nc6'], ['d4', 'exd4'], ['Bc4', 'Qf6'], ['O-O', 'd6'], ['c3', 'd3'], ['Bg5', 'Qg6'], ['Bxd3', 'Be7\n'], ['e5', 'Bf5'], ['Bxf5', 'Qxf5'], ['Bxe7', 'Ngxe7'], ['exd6', 'O-O-O'], ['Nd4', 'Nxd4'], ['dxe7', 'Nc2\n'], ['exd8=Q+', 'Rxd8'], ['Qc1', 'Nxa1'], ['Na3', 'g5'], ['Qxa1', 'h5'], ['Rd1', 'Re8'], ['Qb1', 'Qe6'], ['Nb5', 'a6\n'], ['Nd4', 'Qe7'], ['Nf3', 'Qf6'], ['Qd3', 'Kb8'], ['Qd7', 'Rg8'], ['Re1', 'Qf4'], ['Re8+', 'Ka7'], ['g3', 'Qc1+\n'], ['Kg2', 'Rxe8'], ['Qxe8', 'g4'], ['Qe3+', 'Qxe3'], ['fxe3', 'gxf3+'], ['Kxf3', 'Kb6'], ['h4', 'Kc5'], ['g4', 'Kd5\n'], ['gxh5', 'Ke5'], ['Kg4', 'Kf6'], ['e4', 'c5'], ['Kf4', 'b5'], ['e5+', 'Kg7'], ['Kg5', 'a5'], ['h6+', 'Kh7\n'], ['Kf6', '']]",1-0
London m3,London,1846.??.??,17,"Staunton, Howard","Horwitz, Bernhard",,,C53,"[['e4', 'e5'], ['Nf3', 'Nc6'], ['Bc4', 'Bc5'], ['c3', 'd6'], ['d4', 'exd4'], ['cxd4', 'Bb6'], ['d5', 'Ne5'], ['Nxe5', 'dxe5\n'], ['Nc3', 'Nf6'], ['O-O', 'h6'], ['Qd3', 'O-O'], ['Qg3', 'Bd4'], ['Bxh6', 'Nh5'], ['Qg5', 'Qf6'], ['Qxh5', 'gxh6\n'], ['Rad1', 'Kh8'], ['Rd3', 'Rg8'], ['Rf3', 'Qg6'], ['Qxg6', 'Rxg6'], ['Kh1', 'f6'], ['Nb5', 'Bb6'], ['d6', 'Bg4\n'], ['Rg3', 'c6'], ['Nc3', 'Rd8'], ['f3', 'Bh5'], ['Rh3', 'Rg5'], ['Rd1', 'Kg7'], ['Be6', 'Bd4'], ['d7', 'Bf7\n'], ['Bf5', 'Bg6'], ['f4', 'Bxf5'], ['exf5', 'Rxf5'], ['Ne2', 'Rxd7'], ['g4', 'Rxf4'], ['Nxf4', 'exf4'], ['Rhd3', 'c5\n'], ['Kg2', 'Kg6'], ['Kf3', 'Re7'], ['b4', 'b6'], ['h4', 'h5'], ['bxc5', 'hxg4+'], ['Kxg4', 'f5+'], ['Kxf4', 'Re4+\n'], ['Kf3', 'Bxc5'], ['Rh1', 'Kh5'], ['Rd5', 'Rxh4'], ['Rxh4+', 'Kxh4'], ['Rxf5', 'a5'], ['a4', 'Bg1'], ['Rf8', 'Bc5\n'], ['Rg8', 'Kh5'], ['Ke4', 'Kh6'], ['Kd5', 'Kh7'], ['Rg2', 'Be3'], ['Kc6', '']]",1-0
London m3,London,1846.??.??,18,"Horwitz, Bernhard","Staunton, Howard",,,B21,"[['e4', 'c5'], ['f4', 'e6'], ['Nf3', 'Nc6'], ['c4', 'd6'], ['Nc3', 'Nh6'], ['Be2', 'g6'], ['d3', 'Bg7'], ['O-O', 'a6'], ['h3', 'f5\n'], ['Be3', 'b6'], ['Qd2', 'O-O'], ['Rf2', 'Rb8'], ['a4', 'Bd7'], ['Ng5', 'Qe8'], ['Raf1', 'Nd4'], ['Bd1', 'Bc6\n'], ['b3', 'b5'], ['axb5', 'axb5'], ['Ne2', 'bxc4'], ['Bxd4', 'cxd4'], ['bxc4', 'Nf7'], ['Nxf7', 'Rxf7'], ['exf5', 'exf5\n'], ['Kh2', 'Rfb7'], ['Re1', 'Rb2'], ['Bc2', 'Qe3'], ['Ng1', 'Qxd2'], ['Rxd2', 'Ra8'], ['Rde2', 'Kf8'], ['Bb1', 'Rab8\n'], ['Rxb2', 'Rxb2'], ['Ne2', 'h6'], ['h4', 'Bf6'], ['Kh3', 'Kf7'], ['Kg3', 'Ba8'], ['Kh3', 'Bb7'], ['Kg3', 'Bd8\n'], ['Kh3', 'Ba5']]",0-1
London m3,London,1846.??.??,19,"Staunton, Howard","Horwitz, Bernhard",,,C54,"[['e4', 'e5'], ['Nf3', 'Nc6'], ['Bc4', 'Bc5'], ['c3', 'Nf6'], ['d3', 'd6'], ['O-O', 'O-O'], ['Be3', 'Bb6'], ['a4', 'a6\n'], ['Bxb6', 'cxb6'], ['h3', 'd5'], ['exd5', 'Nxd5'], ['Re1', 'Re8'], ['Nbd2', 'Nf4'], ['Nf1', 'Bf5'], ['Re3', 'Qf6\n'], ['Qe1', 'Rad8'], ['d4', 'e4'], ['Ng3', 'Nxg2'], ['Kxg2', 'exf3+'], ['Kh2', 'Rxe3'], ['Qxe3', 'Bd7'], ['Ne4', 'Qf5\n'], ['Ng5', 'h6'], ['Nxf3', 'Qxh3+'], ['Kg1', 'Qg4+'], ['Kf1', 'Re8'], ['Nh2', 'Rxe3'], ['Nxg4', 'Rh3'], ['Kg2', 'Bxg4\n'], ['Re1', 'Kf8'], ['d5', 'Ne7'], ['d6', 'Ng6'], ['Re4', 'Nh4+'], ['Kg1', 'Bf3']]",0-1
London m3,London,1846.??.??,20,"Horwitz, Bernhard","Staunton, Howard",,,B21,"[['e4', 'c5'], ['f4', 'e6'], ['Nf3', 'd5'], ['exd5', 'exd5'], ['Be2', 'Bd6'], ['c3', 'Nc6'], ['d3', 'Qc7'], ['g3', 'Nf6\n'], ['Na3', 'a6'], ['Nc2', 'O-O'], ['d4', 'Re8'], ['O-O', 'Bd7'], ['Kg2', 'Re7'], ['Re1', 'Rae8'], ['Bf1', 'Qb6\n'], ['Rxe7', 'Rxe7'], ['b3', 'cxd4'], ['Ncxd4', 'Bg4'], ['Bd3', 'Ne4'], ['Bb2', 'Bc5'], ['Qc2', 'Bxd4'], ['Nxd4', 'Nxd4\n'], ['cxd4', 'Rc7'], ['Qb1', 'Bf3+'], ['Kg1', 'f5'], ['Qe1', 'Re7'], ['Rc1', 'Kf7'], ['Bf1', 'g5'], ['fxg5', 'Nxg5\n'], ['Qd2', 'Kg6'], ['Rc8', 'Qe6'], ['Rd8', 'Bg4'], ['Qf4', 'Nf3+'], ['Kg2', 'Qe1'], ['Rg8+', 'Kh5']]",0-1
London m3,London,1846.??.??,21,"Staunton, Howard","Horwitz, Bernhard",,,A85,"[['d4', 'f5'], ['c4', 'Nf6'], ['Nc3', 'e6'], ['e3', 'Bb4'], ['Bd3', 'c5'], ['Ne2', 'O-O'], ['O-O', 'cxd4'], ['exd4', 'Nc6\n'], ['Bf4', 'Nh5'], ['Qd2', 'Nxf4'], ['Qxf4', 'Ba5'], ['Nb5', 'a6'], ['Nd6', 'Bc7'], ['c5', 'Qe7'], ['Qg3', 'Bxd6\n'], ['cxd6', 'Qf6'], ['Qe3', 'f4'], ['Qe4', 'g6'], ['f3', 'b5'], ['a4', 'Bb7'], ['axb5', 'axb5'], ['Bxb5', 'Qg5\n'], ['Bc4', 'Na5'], ['Rxa5', 'Qxa5'], ['Qxb7', 'Ra7'], ['Qb3', 'Raa8'], ['Nc3', 'Rab8'], ['Qa4', 'Qb6'], ['Rd1', 'Qxb2\n'], ['Ne4', 'Qb4'], ['Qa2', 'Ra8'], ['Qb3', 'Qxb3'], ['Bxb3', 'Rfb8'], ['Rd3', 'Ra1+'], ['Kf2', 'Rb1'], ['Ba4', 'R1b2+\n'], ['Rd2', 'Rxd2+'], ['Nxd2', 'Rb6'], ['Nc4', 'Rb7'], ['Ke2', 'Kf8'], ['Kd3', 'Ke8'], ['Ne5', 'Ra7'], ['Bb5', 'g5\n'], ['Kc4', 'h6'], ['d5', 'exd5+'], ['Kxd5', 'Ra2'], ['Bxd7+', 'Kd8'], ['Bh3', 'Rd2+'], ['Ke6', 'Re2'], ['Kf6', 'g4\n'], ['Bxg4', 'Rxg2'], ['Nf7+', 'Ke8'], ['d7+', 'Kf8'], ['d8=Q+', '']]",1-0
London m3,London,1846.??.??,22,"Horwitz, Bernhard","Staunton, Howard",,,B21,"[['e4', 'c5'], ['f4', 'e6'], ['c4', 'd6'], ['Nf3', 'Nh6'], ['Be2', 'g6'], ['h3', 'f5'], ['e5', 'Nc6'], ['exd6', 'Bxd6'], ['d3', 'Qc7\n'], ['Qd2', 'O-O'], ['O-O', 'Nf7'], ['Nc3', 'a6'], ['Kh1', 'Rb8'], ['b3', 'b5'], ['cxb5', 'axb5'], ['d4', 'Na7\n'], ['dxc5', 'Bxc5'], ['Bb2', 'Rd8'], ['Qc2', 'Be3'], ['b4', 'Bb7'], ['Qb3', 'Qxf4'], ['Qxe6', 'Re8'], ['Qf6', 'Qh6\n'], ['Nxb5', 'Bxf3'], ['Rxf3', 'Bg5'], ['Qc3', 'Nxb5'], ['Bxb5', 'Rxb5'], ['a4', 'Rbe5'], ['b5', 'Bd2'], ['Qc6', 'R5e6\n'], ['Qc4', 'Ba5'], ['Bc3', 'Re4'], ['Qc5', 'Bxc3'], ['Qxc3', 'Ne5'], ['Qb3+', 'Kg7'], ['Qb2', 'Qh4'], ['a5', 'Kh6\n'], ['Rff1', 'Ng4'], ['Qd2+', 'Kh5'], ['Kg1', 'Ne3'], ['Rfb1', 'Nc4'], ['Qf2', 'Qg5'], ['a6', 'Re2'], ['Qf3+', 'Kh6\n'], ['a7', 'Nb6'], ['a8=Q', 'Nxa8'], ['Rxa8', 'Qxg2+'], ['Qxg2', 'Rxg2+'], ['Kxg2', 'Rxa8'], ['Kf3', 'Kg5\n'], ['Ke3', 'Kh4'], ['b6', 'g5'], ['b7', 'Rb8'], ['Kf3', 'h5'], ['Kg2', 'g4'], ['hxg4', 'hxg4'], ['Rb5', 'f4\n'], ['Kf2', 'f3'], ['Rb1', 'Kg5'], ['Kg3', 'Kf5'], ['Rb4', 'Ke5'], ['Rxg4', '']]",1/2-1/2
London m3,London,1846.??.??,23,"Staunton, Howard","Horwitz, Bernhard",,,C41,"[['e4', 'e5'], ['Nf3', 'd6'], ['d4', 'exd4'], ['Nxd4', 'g6'], ['Bc4', 'Bg7'], ['c3', 'Nf6'], ['Bg5', 'O-O'], ['O-O', 'h6\n'], ['Bxf6', 'Bxf6'], ['f4', 'Nd7'], ['Nd2', 'c6'], ['Qc2', 'Nb6'], ['Bb3', 'd5'], ['e5', 'Bg7'], ['Rad1', 'c5\n'], ['N4f3', 'c4'], ['Bxc4', 'dxc4'], ['Nxc4', 'Qc7'], ['Ne3', 'Nc4'], ['Nd5', 'Qc5+'], ['Kh1', 'Ne3'], ['Qf2', 'Qxd5\n'], ['Rxd5', 'Nxd5'], ['Nd4', 'Ne7'], ['h3', 'h5'], ['Re1', 'Nf5'], ['Kh2', 'Nxd4'], ['cxd4', 'Be6'], ['b3', 'Rad8\n'], ['Rd1', 'Rd5'], ['Qe3', 'f6'], ['Rc1', 'fxe5'], ['dxe5', 'Rxf4'], ['Qxa7', 'Bxe5'], ['Kh1', 'Rfd4'], ['Rg1', 'Rd7\n'], ['Qc5', 'R4d5'], ['Qe3', 'Kh7'], ['Re1', 'Bf5'], ['a4', 'h4'], ['Qxe5', 'Rxe5'], ['Rxe5', 'Kg7'], ['Kg1', 'Kf6\n'], ['Rb5', 'Be4'], ['Kf2', 'Bc6'], ['Rb6', 'Rd2+'], ['Kf1', 'Kf5'], ['Rb4', 'Bxg2+'], ['Kg1', 'Be4'], ['a5', 'Kf4\n'], ['Rb5', 'g5'], ['b4', 'g4'], ['hxg4', 'h3'], ['Rh5', 'Kg3'], ['Kf1', 'Bf3']]",0-1
London m3,London,1846.??.??,24,"Horwitz, Bernhard","Staunton, Howard",,,B23,"[['e4', 'c5'], ['Bc4', 'e6'], ['Nc3', 'Nc6'], ['f4', 'a6'], ['a4', 'g6'], ['Nf3', 'Bg7'], ['O-O', 'Nh6'], ['d3', 'f5'], ['Qe1', 'O-O\n'], ['Be3', 'b6'], ['h3', 'Ne7'], ['e5', 'Bb7'], ['d4', 'cxd4'], ['Nxd4', 'Qc7'], ['b3', 'Nc6'], ['Qf2', 'Rab8\n'], ['Rad1', 'Nxd4'], ['Bxd4', 'Bc8'], ['Qe2', 'Qb7'], ['Bf2', 'Nf7'], ['Rd3', 'Re8'], ['Rfd1', 'Bh6'], ['g3', 'Bf8\n'], ['Kh2', 'Qc6'], ['R3d2', 'Bb4'], ['Bd4', 'Bxc3'], ['Bxc3', 'b5'], ['Rd6', 'Nxd6'], ['exd6', 'Bb7'], ['axb5', 'axb5\n'], ['Bxb5', 'Qxc3'], ['Bxd7', 'Bf3'], ['Rd3', 'Bxe2'], ['Rxc3', 'Red8'], ['Bxe6+', 'Kf8'], ['d7', 'Bb5\n'], ['h4', 'Bxd7'], ['Bc4', 'Bb5'], ['Bxb5', 'Rxb5'], ['Kh3', 'h5'], ['Rc6', 'Kg7'], ['Rc7+', 'Kh6'], ['Rc4', 'Rd1\n'], ['b4', 'Rbd5'], ['Kg2', 'R5d2+'], ['Kf3', 'Rd4'], ['Rc8', 'Rxb4'], ['Ke3', 'Rdd4']]",0-1
Brighton m,Brighton,1849.??.??,1,"Harrwitz, Daniel","Horwitz, Bernhard",,,C01,"[['e4', 'e6'], ['d4', 'd5'], ['exd5', 'exd5'], ['c4', 'Nf6'], ['Nc3', 'Be7'], ['cxd5', 'Nxd5'], ['Bc4', 'Nb6'], ['Bb3', 'O-O\n'], ['Be3', 'Nc6'], ['a3', 'Bg5'], ['Nf3', 'Re8'], ['O-O', 'Bf6'], ['h3', 'Bf5'], ['Ba2', 'Be4'], ['Nxe4', 'Rxe4\n'], ['Qd3', 'Re8'], ['Rac1', 'Ne5'], ['Nxe5', 'Rxe5'], ['Bb1', 'Rh5'], ['Rc5', 'Rh4'], ['g3', 'Rxh3'], ['Kg2', 'Qd7\n'], ['Qf5', 'Bxd4'], ['Bxd4', 'Qxd4'], ['Kxh3', 'g6'], ['Qc2', 'h5'], ['Rxc7', 'Qg4+'], ['Kg2', 'h4'], ['Qe4', 'h3+\n'], ['Kh2', 'Qg5'], ['Rxb7', 'Rf8'], ['Ba2', 'Nc8'], ['Rxf7', '']]",1-0
Brighton m,Brighton,1849.??.??,2,"Horwitz, Bernhard","Harrwitz, Daniel",,,A21,"[['c4', 'e5'], ['Nc3', 'f5'], ['e3', 'c5'], ['d3', 'Nf6'], ['g3', 'Nc6'], ['Bg2', 'd6'], ['Nh3', 'Be7'], ['f4', 'O-O'], ['O-O', 'h6\n'], ['b3', 'Kh7'], ['Bb2', 'Ng4'], ['Qe2', 'Bf6'], ['Nd5', 'Re8'], ['Nxf6+', 'gxf6'], ['Qd2', 'exf4'], ['Nxf4', 'Nxe3\n'], ['Rfe1', 'Nxg2'], ['Rxe8', 'Qxe8'], ['Nd5', 'Qf7'], ['Nxf6+', 'Kg6'], ['Qe2', 'Nd4'], ['Bxd4', 'cxd4\n'], ['Nd5', 'Ne3'], ['Nxe3', 'dxe3'], ['Qxe3', 'Qe6'], ['Qf2', 'Bd7'], ['Re1', 'Qf6'], ['d4', 'Re8'], ['Rxe8', 'Bxe8\n'], ['d5', 'b6'], ['h4', 'Qe5'], ['Kh2', 'Kf6'], ['Qd2', 'Kg7'], ['Kg2', 'Bh5'], ['Kf2', 'Kg6'], ['a4', 'Qe4\n'], ['Qe3', 'Qxe3+']]",0-1
Brighton m,Brighton,1849.??.??,3,"Harrwitz, Daniel","Horwitz, Bernhard",,,C01,"[['e4', 'e6'], ['d4', 'd5'], ['exd5', 'exd5'], ['c4', 'Nf6'], ['Nc3', 'Be7'], ['cxd5', 'Nxd5'], ['Bc4', 'Be6'], ['Qb3', 'Bb4\n'], ['Nf3', 'Nc6'], ['O-O', 'Bxc3'], ['bxc3', 'O-O'], ['Ng5', 'Na5'], ['Qc2', 'g6'], ['Nxe6', 'fxe6'], ['Bd3', 'Nc6\n'], ['Bh6', 'Rf7'], ['Bxg6', 'Rd7'], ['Be4', 'Qh4'], ['Bxd5', 'Rxd5'], ['Be3', 'Rh5'], ['h3', 'Kh8'], ['Qb3', 'Rg8\n'], ['Qxe6', 'Rg6'], ['Qc8+', 'Rg8'], ['Qe6', 'Rg6'], ['Qd7', 'Rg7'], ['Qc8+', 'Rg8'], ['Qe6', 'Nd8'], ['Qd7', 'Qe4\n'], ['g3', 'Ne6'], ['Rfd1', 'Rxh3'], ['Kf1', 'Rhxg3'], ['fxg3', 'Qxe3'], ['Qd5', 'Rf8+'], ['Kg2', 'Rf2+\n'], ['Kh3', 'Nf4+']]",0-1
Brighton m,Brighton,1849.??.??,4,"Horwitz, Bernhard","Harrwitz, Daniel",,,A21,"[['c4', 'e5'], ['Nc3', 'f5'], ['e3', 'c5'], ['d3', 'Nf6'], ['g3', 'Nc6'], ['Bg2', 'd6'], ['Nh3', 'Be7'], ['f4', 'O-O'], ['O-O', 'h6\n'], ['b3', 'Bd7'], ['Bb2', 'Ng4'], ['Qd2', 'Bf6'], ['Nd5', 'Re8'], ['Nxf6+', 'gxf6'], ['Rae1', 'Kh7'], ['Kh1', 'Rg8\n'], ['Ng1', 'h5'], ['Nf3', 'Qe7'], ['Nh4', 'Raf8'], ['e4', 'fxe4'], ['dxe4', 'Nd4'], ['f5', 'Be8'], ['Bc1', 'Qg7\n'], ['Bf3', 'b6'], ['h3', 'Nh6'], ['Rg1', 'Bf7'], ['Bd1', 'b5'], ['cxb5', 'd5'], ['exd5', 'Bxd5+'], ['Kh2', 'Bf7\n'], ['Bc2', 'Rd8'], ['Qf2', 'Qf8'], ['Ng6', 'Bxg6'], ['fxg6+', 'Kg7'], ['Bd3', 'Rh8'], ['Rgf1', 'Ng4+'], ['hxg4', 'hxg4+\n'], ['Kg2', 'Nf3'], ['Rh1', 'Nxe1+'], ['Rxe1', 'Rxd3'], ['Be3', 'Qa8+'], ['Kf1', 'Rh1+'], ['Ke2', 'Rxe1+\n'], ['Kxd3', 'Qd5+'], ['Kc3', 'Qd1'], ['Bxc5', 'Qc1+'], ['Kb4', 'Re4+'], ['Ka5', 'Kxg6'], ['a4', 'Qc3+'], ['b4', 'f5\n'], ['Qa2', 'Rc4'], ['Ka6', 'Qd3'], ['Kxa7', 'Qd7+'], ['Ka6', 'Qc8+'], ['Kb6', 'Qe6+'], ['Ka5', 'Qd5'], ['Qf2', 'Qa8+\n'], ['Ba7', 'Rd4'], ['b6', 'Qd5+'], ['b5', 'Qb3'], ['Qxd4', 'exd4'], ['b7', 'Qc3+'], ['Ka6', 'Qxg3'], ['b8=Q', 'Qxb8\n'], ['Bxb8', 'd3'], ['Bf4', 'g3'], ['b6', 'g2'], ['b7', 'g1=Q'], ['b8=Q', 'Qg4'], ['Qd6+', 'Kf7'], ['a5', 'Qe2\n'], ['Ka7', 'Qf2+'], ['Kb8', 'Qb2+'], ['Qb6', 'Qh8+'], ['Ka7', 'Qc3'], ['a6', 'd2'], ['Qd6', 'd1=Q'], ['Qxd1', 'Qc5+\n'], ['Kb7', 'Qb4+'], ['Kc6', 'Qc4+'], ['Kd7', 'Qe6+'], ['Kd8', 'Qb6+'], ['Kd7', 'Qe6+'], ['Kc7', 'Qxa6'], ['Qd7+', 'Kf6\n'], ['Qd8+', 'Kf7'], ['Qd5+', 'Qe6']]",1/2-1/2
Brighton m,Brighton,1849.??.??,5,"Harrwitz, Daniel","Horwitz, Bernhard",,,B21,"[['e4', 'c5'], ['f4', 'Nc6'], ['Nf3', 'd6'], ['b3', 'Bg4'], ['Na3', 'e6'], ['Bb2', 'f6'], ['h3', 'Bxf3'], ['Qxf3', 'Nh6\n'], ['Bc4', 'Qd7'], ['O-O-O', 'O-O-O'], ['d4', 'cxd4'], ['Bxd4', 'Nxd4'], ['Rxd4', 'd5'], ['b4', 'Bxb4'], ['exd5', 'Qa4\n'], ['Kb2', 'exd5'], ['Rxd5', 'Kb8'], ['Rhd1', 'Rc8'], ['R1d4', 'Bc5'], ['Qd3', 'Bxd4+'], ['Rxd4', 'Qa5\n'], ['g4', 'Rcd8'], ['Bd5', 'Qb6+'], ['Kc1', 'Rhe8'], ['c3', 'Ng8'], ['Rb4', 'Qc7'], ['Kc2', 'Ne7'], ['Bxb7', 'Rxd3\n'], ['Be4+', 'Kc8'], ['Bxd3', 'Nd5'], ['Rb3', 'Qxf4'], ['Bf5+', 'Kd8'], ['Rb7', 'Ne3+'], ['Kb3', 'Nxf5']]",0-1
Brighton m,Brighton,1849.??.??,6,"Horwitz, Bernhard","Harrwitz, Daniel",,,C00,"[['e4', 'c5'], ['f4', 'e6'], ['Nf3', 'Nc6'], ['Be2', 'd5'], ['e5', 'f6'], ['Bb5', 'Qb6'], ['Bxc6+', 'bxc6'], ['O-O', 'Be7\n'], ['Nc3', 'a5'], ['Na4', 'Qb4'], ['c3', 'Qxf4'], ['d4', 'Qg4'], ['h3', 'Qh5'], ['Nb6', 'Rb8'], ['Nxc8', 'Rxc8\n'], ['Qa4', 'cxd4'], ['cxd4', 'Bd8'], ['Bd2', 'Ne7'], ['Bxa5', 'Ra8'], ['b4', 'O-O'], ['exf6', 'gxf6'], ['Rae1', 'e5\n'], ['dxe5', 'Bb6+'], ['Kh1', 'fxe5'], ['Rxe5', 'Qxe5'], ['Nxe5', 'Rxf1+'], ['Kh2', 'Bc7'], ['g3', 'Bxe5\n'], ['Kg2', 'Raf8'], ['Bb6', 'd4'], ['h4', 'R8f2+'], ['Kh3', 'h5']]",0-1
Brighton m,Brighton,1849.??.??,7,"Harrwitz, Daniel","Horwitz, Bernhard",,,C41,"[['e4', 'e5'], ['Nf3', 'd6'], ['d4', 'exd4'], ['Nxd4', 'Nf6'], ['Nc3', 'Be7'], ['Bc4', 'O-O'], ['f4', 'Nxe4'], ['Bxf7+', 'Rxf7\n'], ['Nxe4', 'd5'], ['Nf2', 'c5'], ['Nf3', 'Nc6'], ['O-O', 'b6'], ['c3', 'Qd6'], ['Re1', 'Bb7'], ['Nd3', 'Bf6\n'], ['Nde5', 'Re7'], ['Ng4', 'Rae8'], ['Nxf6+', 'gxf6'], ['Bd2', 'd4'], ['Qb3+', 'Kh8'], ['Rxe7', 'Rxe7\n'], ['c4', 'd3'], ['Kh1', 'Re2'], ['Re1', 'Na5'], ['Bxa5', 'Bxf3'], ['gxf3', 'bxa5'], ['Qd1', 'Qxf4'], ['Rxe2', 'Qxf3+\n'], ['Kg1', 'Qxe2'], ['Qxe2', 'dxe2'], ['Kf2', 'Kg7'], ['Kxe2', 'Kg6'], ['Kf3', 'Kf5'], ['b3', 'Ke5'], ['Ke3', 'a4\n'], ['bxa4', 'a5'], ['h3', 'f5'], ['h4', 'h5'], ['a3', 'f4+'], ['Kf3', 'Kf5'], ['Kf2', 'Kg4'], ['Kg2', 'Kxh4']]",0-1
Brighton m,Brighton,1849.??.??,8,"Horwitz, Bernhard","Harrwitz, Daniel",,,B30,"[['e4', 'c5'], ['Bc4', 'e6'], ['Nc3', 'Nc6'], ['Nf3', 'Nge7'], ['Qe2', 'a6'], ['a3', 'b5'], ['Ba2', 'Nd4'], ['Nxd4', 'cxd4\n'], ['Nd1', 'Ng6'], ['d3', 'Bd6'], ['O-O', 'Qc7'], ['f4', 'f6'], ['f5', 'exf5'], ['exf5+', 'Ne7'], ['Qh5+', 'Kd8\n'], ['c4', 'Bb7'], ['Nf2', 'Qc5'], ['Ne4', 'Bxe4'], ['b4', 'Qc6'], ['dxe4', 'bxc4'], ['Qe2', 'd3'], ['Qf3', 'Be5\n'], ['Rb1', 'g6'], ['Bh6', 'gxf5'], ['exf5', 'Qxf3'], ['Rxf3', 'd5'], ['Be3', 'Rg8'], ['Kf2', 'd4'], ['Bxc4', 'dxe3+\n'], ['Rxe3', 'Rg4'], ['Rxd3+', 'Rd4'], ['Rxd4+', 'Bxd4+'], ['Kf3', 'Be5'], ['Be6', 'Kc7'], ['h3', 'Rd8'], ['Rb3', 'Nc6\n'], ['Kg4', 'Rd2'], ['g3', 'Nd4'], ['Rc3+', 'Kd6'], ['Bc8', 'Nxf5'], ['Rc5', 'Nxg3'], ['Bxa6', 'f5+'], ['Kf3', 'Ne4\n'], ['Ra5', 'Rh2'], ['Bc8', 'Rf2+'], ['Ke3', 'Bf4+'], ['Kd4', 'Rd2+'], ['Kc4', 'Rc2+'], ['Kd3', 'Rc3+'], ['Kd4', 'Be3+']]",0-1
Brighton m,Brighton,1849.??.??,9,"Harrwitz, Daniel","Horwitz, Bernhard",,,A85,"[['d4', 'e6'], ['c4', 'f5'], ['Nc3', 'Nf6'], ['Bg5', 'Be7'], ['Nf3', 'O-O'], ['e3', 'c5'], ['d5', 'Ne4'], ['Bxe7', 'Qxe7\n'], ['Nxe4', 'fxe4'], ['Nd2', 'exd5'], ['cxd5', 'd6'], ['Bc4', 'Nd7'], ['Qc2', 'Nf6'], ['O-O', 'Bd7'], ['a4', 'a6\n'], ['a5', 'Bf5'], ['h3', 'Nd7'], ['Rae1', 'Ne5'], ['f4', 'exf3'], ['e4', 'Bxh3'], ['Nxf3', 'Nxf3+'], ['Rxf3', 'Rxf3\n'], ['gxf3', 'Qg5+'], ['Kh1', 'Bg2+'], ['Qxg2', 'Qh4+'], ['Kg1', 'Qxe1+'], ['Kh2', 'Rf8'], ['Qg3', 'Qe3\n'], ['Qxd6', 'Qf2+'], ['Kh1', 'Qxf3+'], ['Kh2', 'Qf2+'], ['Kh1', 'Qe1+'], ['Kh2', 'Rf2+'], ['Kh3', 'Rf3+']]",0-1
Brighton m,Brighton,1849.??.??,10,"Horwitz, Bernhard","Harrwitz, Daniel",,,B30,"[['e4', 'c5'], ['Bc4', 'e6'], ['Nc3', 'Nc6'], ['Nf3', 'a6'], ['a3', 'Nge7'], ['Qe2', 'b5'], ['Ba2', 'Nd4'], ['Nxd4', 'cxd4\n'], ['Nd1', 'Ng6'], ['d3', 'Bd6'], ['O-O', 'O-O'], ['f4', 'Qe7'], ['Qh5', 'Bb7'], ['f5', 'exf5'], ['Bg5', 'Qe8\n'], ['Rf3', 'Nf4'], ['Bxf4', 'Bxf4'], ['Rxf4', 'fxe4'], ['Rh4', 'h6'], ['Qg4', 'exd3'], ['Nf2', 'dxc2'], ['Qxd4', 'Rc8\n'], ['Rc1', 'Qe7'], ['Rg4', 'g5'], ['h4', 'Rfe8'], ['Nd3', 'Kh7'], ['hxg5', 'hxg5'], ['Rg3', 'f5'], ['Bb3', 'Qe4\n'], ['Qf6', 'g4'], ['Qf7+', 'Kh6'], ['Bxc2', 'Qd4+'], ['Nf2', 'Rf8'], ['Qe7', 'Qxb2'], ['Nxg4+', 'fxg4'], ['Qh7+', 'Kg5\n'], ['Qg6+', 'Kf4'], ['Rxg4+', 'Ke5'], ['Rg5+', 'Kd4'], ['Qd3+', '']]",1-0
Brighton m,Brighton,1849.??.??,11,"Harrwitz, Daniel","Horwitz, Bernhard",,,A85,"[['d4', 'e6'], ['c4', 'f5'], ['Nc3', 'Nf6'], ['Bg5', 'Be7'], ['e3', 'O-O'], ['Bxf6', 'Bxf6'], ['f4', 'c5'], ['d5', 'Bxc3+\n'], ['bxc3', 'Qf6'], ['Qd2', 'e5'], ['fxe5', 'Qxe5'], ['Nf3', 'Qf6'], ['Bd3', 'd6'], ['O-O', 'Nd7'], ['Rf2', 'Ne5\n'], ['Nxe5', 'Qxe5'], ['Raf1', 'Bd7'], ['Rf3', 'Rf6'], ['Bc2', 'Raf8'], ['a4', 'a6'], ['Rb1', 'Bc8'], ['g3', 'g6\n'], ['h4', 'g5'], ['hxg5', 'Rg6'], ['e4', 'Qg7'], ['exf5', 'Rxg5'], ['Qf2', 'Qf6'], ['Rf1', 'Kh8'], ['Qe3', 'Rfg8\n'], ['Kg2', 'Qh6'], ['Qf4', 'Qf6'], ['Rh1', 'R8g7'], ['Rh4', 'Bd7'], ['Kf2', 'Kg8'], ['g4', 'Be8'], ['Re3', 'Bf7\n'], ['Be4', 'h5'], ['gxh5', 'Bxh5'], ['Reh3', 'Rg4'], ['Rxg4', 'Rxg4'], ['Qe3', 'Rh4'], ['Rg3+', 'Kf7'], ['Bd3', 'Rh2+\n'], ['Kf1', 'Rb2'], ['Rg5', 'Bf3'], ['Qe6+', 'Qxe6'], ['fxe6+', 'Ke7'], ['Rg7+', '']]",1-0
Brighton m,Brighton,1849.??.??,12,"Horwitz, Bernhard","Harrwitz, Daniel",,,B30,"[['e4', 'c5'], ['Bc4', 'e6'], ['Nc3', 'Nc6'], ['Nf3', 'a6'], ['a3', 'Nge7'], ['Qe2', 'b5'], ['Ba2', 'Nd4'], ['Nxd4', 'cxd4\n'], ['Nd1', 'Bb7'], ['d3', 'd5'], ['e5', 'Rc8'], ['Bf4', 'a5'], ['O-O', 'h5'], ['Bg5', 'Qc7'], ['Rc1', 'Nf5'], ['h3', 'h4\n'], ['c3', 'Qd7'], ['cxd4', 'Rxc1'], ['Bxc1', 'Nxd4'], ['Qg4', 'Nf5'], ['Ne3', 'g6'], ['Nxf5', 'gxf5'], ['Qd4', 'Qc7\n'], ['Be3', 'Bg7'], ['Rc1', 'Bc6'], ['Qc5', 'Kd7'], ['d4', 'f6'], ['exf6', 'Bxf6'], ['Bf4', 'Qxf4'], ['Qxc6+', 'Ke7\n'], ['Qb7+', 'Ke8'], ['Rc8+', 'Bd8'], ['Qg7', 'Qh6'], ['Qc7', 'Qg5'], ['Qe5', 'Kd7'], ['f4', 'Qf6'], ['Rc7+', 'Ke8\n'], ['Rb7', 'Qxe5'], ['fxe5', 'Rg8'], ['Rxb5', 'Rg3'], ['Bb1', 'Kd7'], ['Bc2', 'Kc6'], ['Ba4', 'Kc7'], ['Rc5+', 'Kb7\n'], ['Bd7', 'Bb6'], ['Rb5', 'Ka6'], ['a4', 'Rg6'], ['Kf1', 'Bxd4'], ['Bc8+', 'Ka7'], ['Rxa5+', 'Kb8'], ['Bd7', 'Kc7\n'], ['Be8', 'Rg7'], ['b4', 'Bxe5'], ['Ra7+', 'Kd8'], ['Bf7', 'Bd4'], ['Rb7', 'Kc8'], ['Re7', 'Kd8'], ['Rb7', 'Bc3\n'], ['a5', 'Bxb4'], ['a6', 'Bc5'], ['a7', 'Bxa7'], ['Rxa7', 'd4'], ['Ra8+', 'Ke7'], ['Bh5', 'Kf6'], ['Be2', 'Rc7\n'], ['Rh8', 'Kg5'], ['Rh5+', 'Kf4'], ['Kf2', 'e5'], ['Rxh4+', 'Kg5'], ['Rh5+', 'Kg6'], ['g4', 'fxg4'], ['hxg4', 'Rc2\n'], ['Ke1', 'e4'], ['Re5', 'd3'], ['Bd1', 'Rc4'], ['Kd2', 'Rb4'], ['Ke3', 'Rb1'], ['Ba4', 'Re1+'], ['Kf4', 'd2\n'], ['Re6+', 'Kf7'], ['Rxe4', 'd1=Q'], ['Bxd1', 'Rxd1'], ['Kg5', 'Rd6'], ['Ra4', 'Rg6+'], ['Kh5', 'Rb6'], ['Ra7+', 'Kg8\n'], ['g5', 'Rc6'], ['g6', 'Rc5+'], ['Kh6', 'Rc8'], ['Rg7+', 'Kh8'], ['Rf7', 'Rb8'], ['Rf6', 'Ra8'], ['Rf1', 'Rg8\n'], ['Re1', '']]",1/2-1/2
Brighton m,Brighton,1849.??.??,13,"Harrwitz, Daniel","Horwitz, Bernhard",,,A85,"[['d4', 'e6'], ['c4', 'c6'], ['Nc3', 'f5'], ['Nf3', 'Nf6'], ['Bg5', 'Be7'], ['Bxf6', 'Bxf6'], ['e3', 'Na6'], ['c5', 'b6\n'], ['Bxa6', 'Bxa6'], ['Qa4', 'Qc8'], ['b4', 'O-O'], ['e4', 'fxe4'], ['Nxe4', 'Be7'], ['Ne5', 'Bb5'], ['Qd1', 'bxc5\n'], ['bxc5', 'Bd8'], ['f3', 'Bc7'], ['a4', 'Ba6'], ['Nd3', 'Qd8'], ['O-O', 'Qh4'], ['g3', 'Qh6'], ['Re1', 'Rab8\n'], ['Ndf2', 'Bc4'], ['Ra3', 'Bd5'], ['f4', 'Qg6'], ['Qg4', 'Qxg4'], ['Nxg4', 'Rb4'], ['Rd3', 'Rxa4'], ['Nc3', 'Ba5\n'], ['Nxa4', 'Bxe1'], ['Ne5', 'Rb8'], ['Nc3', 'Bxc3'], ['Rxc3', 'Rb7'], ['Kf2', 'Kf8'], ['Ra3', 'Ke7'], ['Ra6', 'Kd8\n'], ['Nf7+', 'Kc7'], ['Nd6', 'Rb2+'], ['Ke3', 'Kb8'], ['h3', 'Rb3+'], ['Kd2', 'Rxg3'], ['Ra4', 'Rxh3'], ['Rb4+', 'Kc7\n'], ['Rb7+', 'Kd8'], ['Rxa7', 'Rg3'], ['Nf7+', 'Ke8'], ['Ne5', 'h5'], ['Rxd7', 'h4'], ['Rb7', 'h3'], ['Rb8+', 'Ke7\n'], ['Rb7+', 'Kd8'], ['Nf7+', 'Ke8'], ['Nd6+', 'Kf8'], ['f5', 'Rg2+'], ['Ke3', 'exf5'], ['Kf4', 'Kg8'], ['Nxf5', 'h2\n'], ['Ne7+', 'Kh7'], ['Nxd5', 'h1=Q'], ['Nf6+', 'Kg6'], ['Ne4', 'Qh2+'], ['Kf3', 'Qh3+'], ['Kf4', 'Rg4+\n'], ['Ke5', 'Qh5+'], ['Kd6', 'Qd5+']]",0-1
Brighton m,Brighton,1849.??.??,14,"Horwitz, Bernhard","Harrwitz, Daniel",,,B30,"[['e4', 'c5'], ['Bc4', 'e6'], ['Nc3', 'Nc6'], ['Nf3', 'a6'], ['a3', 'Nge7'], ['d4', 'cxd4'], ['Nxd4', 'b5'], ['Bb3', 'Nxd4\n'], ['Qxd4', 'Nc6'], ['Qd3', 'Bc5'], ['Qg3', 'O-O'], ['Bg5', 'f6'], ['Bh6', 'Rf7'], ['O-O-O', 'Qb6'], ['Rhf1', 'a5\n'], ['a4', 'Nd4'], ['Rxd4', 'Bxd4'], ['Nxb5', 'Ba6'], ['c4', 'Bxb5'], ['cxb5', 'f5'], ['exf5', 'Qc5+'], ['Kb1', 'Qxf5+\n'], ['Bc2', 'Qc5'], ['f3', 'Rc8'], ['Bb3', 'Qb4']]",0-1
Brighton m,Brighton,1849.??.??,15,"Harrwitz, Daniel","Horwitz, Bernhard",,,A40,"[['d4', 'e6'], ['c4', 'c6'], ['e4', 'f5'], ['exf5', 'Qa5+'], ['Nc3', 'Qxf5'], ['Bd3', 'Qf7'], ['Nf3', 'Bb4'], ['Ne5', 'Qf6\n'], ['O-O', 'Bxc3'], ['bxc3', 'Ne7'], ['Qh5+', 'g6'], ['Qh6', 'Nf5'], ['Bxf5', 'Qxf5'], ['Ba3', 'Qf6'], ['Rae1', 'c5\n'], ['Bxc5', 'Nc6'], ['Bd6', 'Ne7'], ['Ng4', 'Qf7'], ['Qg5', 'b6'], ['Nf6+', 'Kd8'], ['Nd5', 'Ba6'], ['Bxe7+', 'Kc8\n'], ['Qe5', 'exd5'], ['Qxh8+', 'Kb7'], ['Qe5', 'Bxc4'], ['Qd6', 'Rc8'], ['Bh4', 'Rc6'], ['Re7', 'Rxd6'], ['Rxf7', 'Kc6\n'], ['Re1', 'Bxa2'], ['Ra1', 'Re6'], ['Rf6', 'Bc4'], ['Rxa7', 'h6'], ['Rxe6+', 'dxe6'], ['f4', 'Bd3'], ['Kf2', 'Bf5\n'], ['h3', 'h5'], ['Ke3', 'Be4'], ['g4', 'Bg2'], ['gxh5', 'gxh5'], ['Rh7', 'Bxh3'], ['Rxh5', 'Kb5'], ['Bd8', 'Bf5\n'], ['Rxf5', 'exf5'], ['Kd3', 'Kc6'], ['Kc2', '']]",1-0
London m7,London,1851.??.??,?,"Horwitz, Bernhard","Staunton, Howard",,,C54,"[['e4', 'e5'], ['Nf3', 'Nc6'], ['Bc4', 'Bc5'], ['c3', 'Nf6'], ['d3', 'd5'], ['exd5', 'Nxd5'], ['b4', 'Bb6'], ['b5', 'Nce7\n'], ['Nxe5', 'O-O'], ['Bb2', 'Be6'], ['O-O', 'Kh8'], ['a4', 'f6'], ['Nf3', 'Ng6'], ['Ba3', 'Re8'], ['Qb3', 'Ngf4\n'], ['Ra2', 'a6'], ['bxa6', 'bxa6'], ['Bc1', 'Rb8'], ['Qc2', 'Bg4'], ['Bxd5', 'Ne2+'], ['Kh1', 'Qxd5'], ['c4', 'Qxf3\n'], ['h3', 'Bxf2'], ['Nd2', 'Ng3+'], ['Kh2', 'Nxf1+']]",0-1
London m7,London,1851.??.??,?,"Horwitz, Bernhard","Staunton, Howard",,,C54,"[['e4', 'e5'], ['Nf3', 'Nc6'], ['d4', 'exd4'], ['Bc4', 'Bc5'], ['c3', 'Nf6'], ['e5', 'd5'], ['Bb5', 'Ne4'], ['cxd4', 'Bb6\n'], ['O-O', 'O-O'], ['Nc3', 'Bg4'], ['Bxc6', 'bxc6'], ['Be3', 'f6'], ['Nxe4', 'dxe4'], ['Qb3+', 'Qd5'], ['Nd2', 'Kh8\n'], ['exf6', 'Rxf6'], ['Rfe1', 'Rg6'], ['Qxd5', 'cxd5'], ['Kh1', 'Rf8'], ['h3', 'Bc8'], ['Rec1', 'Rf5'], ['a4', 'c6\n'], ['g4', 'Rf8'], ['a5', 'Bc7'], ['b4', 'Ba6'], ['Ra3', 'Be2'], ['Rac3', 'Bb5'], ['Nb3', 'Rf3'], ['Kg2', 'h5\n'], ['g5', 'h4']]",1-0
London m7,London,1851.??.??,?,"Horwitz, Bernhard","Staunton, Howard",,,B21,"[['e4', 'c5'], ['f4', 'e6'], ['Nf3', 'Nc6'], ['c3', 'g6'], ['Be2', 'Bg7'], ['O-O', 'Nh6'], ['d3', 'O-O'], ['Na3', 'd5'], ['Be3', 'b6\n'], ['h3', 'Qe7'], ['Qc1', 'Kh8'], ['f5', 'Ng8'], ['fxe6', 'Bxe6'], ['exd5', 'Bxd5'], ['Ng5', 'Rae8'], ['Bf3', 'Bxf3\n'], ['Rxf3', 'Ne5'], ['Bf4', 'Nxf3+'], ['Nxf3', 'Rd8'], ['Qc2', 'Qd7'], ['Rd1', 'b5'], ['Qb3', 'a6'], ['c4', 'Qf5\n'], ['Be3', 'Rfe8'], ['Nc2', 'b4'], ['d4', 'Nf6'], ['Rf1', 'cxd4'], ['Bxd4', 'Ne4'], ['Bxg7+', 'Kxg7'], ['Qxb4', 'Ng3\n'], ['Rf2', 'Rd1+'], ['Nfe1', 'Qe5'], ['Rf3', 'Rb8'], ['Qa3', 'Rxe1+'], ['Nxe1', 'Qxe1+']]",0-1
London m7,London,1851.??.??,?,"Horwitz, Bernhard","Staunton, Howard",,,C54,"[['e4', 'e5'], ['Nf3', 'Nc6'], ['d4', 'exd4'], ['Bc4', 'Bc5'], ['c3', 'Nf6'], ['e5', 'd5'], ['Bb3', 'Ne4'], ['cxd4', 'Bb6\n'], ['h3', 'O-O'], ['O-O', 'f6'], ['Nc3', 'Nxc3'], ['bxc3', 'fxe5'], ['dxe5', 'Ne7'], ['Bg5', 'c6'], ['Bh4', 'Qe8\n'], ['Bg3', 'Qg6'], ['Kh2', 'Nf5'], ['Bc2', 'Qh5'], ['Bxf5', 'Bxf5'], ['Nh4', 'Qxd1'], ['Rfxd1', 'Be4'], ['f3', 'Bc2\n'], ['Rdc1', 'Bd3'], ['Rd1', 'Bc4'], ['f4', 'g6'], ['Re1', 'Ba5'], ['Re3', 'Bb6'], ['Ree1', 'Rae8'], ['Nf3', 'h5\n'], ['h4', 'c5'], ['a4', 'Bd3'], ['Kh1', 'Ba5'], ['Rac1', 'd4'], ['cxd4', 'Bxe1'], ['Nxe1', 'Be4'], ['dxc5', 'Rc8\n'], ['a5', 'b6'], ['axb6', 'axb6'], ['Rc4', 'Bd5'], ['Rd4', 'Rxc5'], ['Nd3', 'Rb5'], ['Nb4', 'Be6'], ['Bf2', 'Rc8\n'], ['g3', 'Kf7'], ['Kg2', 'Rc4'], ['Rxc4', 'Bxc4'], ['Be1', 'Ke6'], ['Kf3', 'Ra5'], ['Nc2', 'Ra4'], ['Ke3', 'b5\n'], ['Nb4', 'Ra3+'], ['Kd4', 'Ra1'], ['Nc2', 'Rd1+'], ['Kc5', 'Rc1'], ['Nd4+', 'Kd7'], ['Bd2', 'Rg1'], ['f5', 'gxf5\n'], ['Bf4', 'Bd3'], ['Nxb5', 'Bxb5'], ['Kxb5', 'Ke6'], ['Kc5', 'Rd1'], ['Kc4', 'Rd5'], ['Kc3', 'Rc5+'], ['Kd4', 'Rc6\n'], ['Kd3', 'Kd5'], ['Ke3', 'Rc8'], ['Kd3', 'Rc4'], ['Ke3', 'Rd4'], ['Ke2', 'Kc4'], ['Ke3', 'Kc3'], ['Ke2', 'Re4+\n'], ['Kf2', 'Kd3'], ['Kf1', 'Re2'], ['Kg1', 'Ke4'], ['Kf1', 'Kf3'], ['Kg1', 'Re1+'], ['Kh2', 'Kf2'], ['e6', 'Rxe6\n'], ['Bb8', 'Re2'], ['Bf4', 'Kf1+'], ['Kh1', 'Rg2'], ['Bb8', 'Kf2'], ['Bf4', 'Rxg3']]",0-1
London m7,London,1851.??.??,?,"Horwitz, Bernhard","Staunton, Howard",,,C22,"[['e4', 'e5'], ['d4', 'exd4'], ['Qxd4', 'Nc6'], ['Qd1', 'Bc5'], ['Bd3', 'Nf6'], ['Nf3', 'd6'], ['h3', 'h6'], ['O-O', 'O-O\n'], ['Nbd2', 'Be6'], ['c3', 'Qd7'], ['b4', 'Bb6'], ['a4', 'a5'], ['b5', 'Ne5'], ['Nxe5', 'dxe5'], ['Qe2', 'Rad8\n'], ['Bc4', 'Rfe8'], ['Bxe6', 'Rxe6'], ['Nc4', 'Qd3'], ['Re1', 'Qxe2'], ['Rxe2', 'Rd1+'], ['Kh2', 'Nh5'], ['g3', 'Nf6\n'], ['Nb2', 'Rd8'], ['Nc4', 'Rd3'], ['Bb2', 'Nd7'], ['Kg2', 'Rf6'], ['Ra2', 'Rdf3'], ['Ba1', 'Rd3'], ['Rac2', 'Rd1\n'], ['Ra2', 'Nc5'], ['Nxe5', 'Re6'], ['Nc4', 'Rxe4'], ['Ne3', 'Rd3'], ['c4', 'Nb3'], ['Ra3', 'Bc5'], ['Raa2', 'Bxe3\n'], ['Rxe3', 'Rdxe3'], ['fxe3', 'Rxe3'], ['c5', 'Re1'], ['Bc3', 'Rc1'], ['c6', 'bxc6'], ['Be5', 'cxb5'], ['axb5', 'Rc5']]",0-1
London2,London,1851.??.??,?,"Anderssen, Adolf","Horwitz, Bernhard",,,C33,"[['e4', 'e5'], ['f4', 'exf4'], ['Bc4', 'Qh4+'], ['Kf1', 'd6'], ['Nc3', 'g5'], ['Nf3', 'Qh5'], ['Nd5', 'Kd8'], ['d4', 'Be6\n'], ['Qd3', 'Ne7'], ['Nxe7', 'Bxc4'], ['Qxc4', 'Bxe7'], ['Qb5', 'b6'], ['Bxf4', 'f5'], ['Nxg5', 'Bxg5'], ['Qxf5', 'h6\n'], ['h4', 'Nd7'], ['Kg1', 'Rf8'], ['Qd5', 'c6'], ['Bxg5+', 'hxg5'], ['Qxd6', 'gxh4'], ['e5', 'Qe2'], ['Rh3', 'Rg8\n'], ['Qxc6', 'Rc8'], ['Qd5', 'Qc4'], ['Qxc4', 'Rxc4'], ['c3', 'Rg4'], ['Rf1', 'Rc6'], ['Rf2', 'Rcg6'], ['Rhf3', 'a5\n'], ['Kh2', 'Ke7'], ['Rf7+', 'Kd8'], ['R7f4', 'Ke7']]",1/2-1/2
London2,London,1851.??.??,?,"Anderssen, Adolf","Horwitz, Bernhard",,,C44,"[['e4', 'e5'], ['Nf3', 'Nc6'], ['d4', 'exd4'], ['Bc4', 'Bc5'], ['O-O', 'd6'], ['c3', 'Bg4'], ['Qb3', 'Bxf3'], ['Bxf7+', 'Kf8\n'], ['Bxg8', 'Rxg8'], ['gxf3', 'Ne5'], ['cxd4', 'Bxd4'], ['f4', 'Ng4'], ['Qg3', 'Nf6'], ['Qg2', 'd5'], ['e5', 'Ne4\n'], ['Qf3', 'Qh4'], ['Nc3', 'Bxc3'], ['bxc3', 'Rd8'], ['c4', 'c6'], ['cxd5', 'cxd5'], ['Be3', 'b6'], ['Rac1', 'Qe7\n'], ['Rc6', 'g6'], ['Kh1', 'Rg7'], ['Rfc1', 'Kg8'], ['Bd4', 'Nd2'], ['Qc3', 'Nc4'], ['e6', 'Qb7'], ['Bxg7', 'Qxc6\n'], ['Qf6', 'Qc7'], ['e7', '']]",1-0
London,London,1851.??.??,1,"Horwitz, Bernhard","Bird, Henry Edward",,,A10,"[['c4', 'g6'], ['e3', 'c5'], ['f4', 'Bg7'], ['Nf3', 'Nf6'], ['Be2', 'd6'], ['O-O', 'Nc6'], ['Na3', 'O-O'], ['Nc2', 'Bf5\n'], ['d3', 'Qb6'], ['Qe1', 'e5'], ['fxe5', 'Nxe5'], ['Nxe5', 'dxe5'], ['e4', 'Bg4'], ['Bxg4', 'Nxg4'], ['Qg3', 'Nf6\n'], ['Qxe5', 'Nh5'], ['Qg5', 'Bxb2'], ['Rb1', 'Bd4+'], ['Be3', 'Bxe3+'], ['Nxe3', 'Qd8'], ['Qxd8', 'Raxd8\n'], ['Nd5', 'b6'], ['a4', 'f5'], ['exf5', 'gxf5'], ['Rbe1', 'Rf7'], ['Re5', 'Ng7'], ['g4', 'f4'], ['Rf3', 'Rd6\n'], ['Rxf4', 'Rxd5'], ['Rxf7', 'Rxe5'], ['Rxa7', 'Re6'], ['Kf2', 'Ne8'], ['a5', 'bxa5'], ['Rxa5', 'Rc6'], ['Kf3', 'Kf7\n'], ['Ra7+', 'Nc7'], ['Ke4', 'Re6+'], ['Kf5', 'Rc6'], ['h4', 'Ke7'], ['g5', 'Kf7'], ['h5', 'Kg7'], ['Rb7', 'h6\n'], ['g6', 'Rf6+'], ['Ke5', 'Re6+'], ['Kf4', 'Re7'], ['Kf5', 'Nd5'], ['Rb5', 'Nb4'], ['d4', 'Nd3'], ['dxc5', 'Re5+\n'], ['Kg4', 'Rg5+'], ['Kh4', 'Nf2'], ['Rb7+', 'Kg8'], ['Rb8+', 'Kg7'], ['Rb7+', '']]",1/2-1/2
London,London,1851.??.??,1,"Staunton, Howard","Horwitz, Bernhard",,,A10,"[['c4', 'f5'], ['Nc3', 'e6'], ['e4', 'fxe4'], ['Nxe4', 'Nf6'], ['Ng3', 'Nc6'], ['a3', 'Bc5'], ['Nf3', 'Nd4'], ['Bd3', 'O-O\n'], ['O-O', 'a5'], ['Rb1', 'd6'], ['Nxd4', 'Bxd4'], ['b4', 'axb4'], ['axb4', 'e5'], ['h3', 'Be6'], ['Bb2', 'Ba7\n'], ['Qe2', 'Qe7'], ['Rbd1', 'Qd7'], ['Kh2', 'Rae8'], ['Ra1', 'Bb6'], ['f3', 'Qf7'], ['Rac1', 'c6'], ['Bb1', 'Bc7\n'], ['b5', 'Bb8'], ['Ba1', 'g6'], ['d3', 'Qd7'], ['Qb2', 'c5'], ['Qd2', 'b6'], ['Qg5', 'Bc7'], ['Bb2', 'Qg7'], ['Rce1', 'Bc8\n'], ['Kg1', 'h6'], ['Qd2', 'g5'], ['Bc1', 'Re7'], ['Re2', 'Qf7'], ['Qe1', 'Rfe8'], ['Ne4', 'Nh5'], ['h4', 'Nf4\n'], ['Ra2', 'Bb7'], ['hxg5', 'Bxe4'], ['fxe4', 'hxg5'], ['g3', 'Nh3+'], ['Kh1', 'Qh5'], ['Rh2', 'g4'], ['Rf5', 'Qh7\n'], ['Qe2', 'Rg7'], ['d4', 'Qg6'], ['d5', 'Rf8'], ['Kg2', 'Bd8'], ['Rh1', 'Be7'], ['Bc2', 'Rgf7'], ['Rhf1', 'Rg7\n'], ['Bd1', 'Qh7'], ['Qa2', 'Qg6'], ['Qa6', 'Rgf7'], ['Bc2', 'Bd8'], ['Qc8', 'Kh7'], ['Rxf7+', 'Rxf7'], ['Qxd8', 'Rxf1\n'], ['Qh4+', 'Kg7'], ['Kxf1', 'Qf7+'], ['Bf4', 'Nxf4'], ['Qxg4+', 'Ng6+'], ['Qf5', 'Qxf5+'], ['exf5', 'Ne7\n'], ['Kf2', 'Kf6'], ['g4', 'Kg5'], ['Ke3', 'Ng8'], ['Bd1', 'Nh6'], ['Kf2', 'Kf4'], ['Kg2', 'e4'], ['Kh3', 'Kg5\n'], ['Kg3', 'Nf7'], ['Bc2', 'Ne5'], ['f6', 'Kxf6'], ['Kf4', 'e3'], ['g5+', 'Kf7'], ['Bd1', 'Nxc4'], ['Bh5+', 'Ke7\n'], ['Be2', 'Ne5'], ['Kxe3', 'Kf7'], ['Bh5+', 'Kg7'], ['Ke4', 'c4'], ['Kf5', 'c3'], ['Bd1', 'Nc4'], ['Ke6', 'Kg6\n'], ['Be2', 'Kxg5'], ['Bd3', 'Kf4'], ['Kd7', 'Ke5'], ['Kc6', 'Kd4'], ['Bxc4', 'Kxc4'], ['Kxd6', 'Kxb5'], ['Ke7', 'c2\n'], ['d6', 'c1=Q'], ['d7', 'Kc6']]",0-1
London,London,1851.??.??,1,"Horwitz, Bernhard","Szen, Jozsef",,,B40,"[['e4', 'c5'], ['d4', 'e6'], ['Nf3', 'Qb6'], ['d5', 'd6'], ['Nc3', 'e5'], ['Bd3', 'Ne7'], ['Qe2', 'Bg4'], ['Na4', 'Qa5+\n'], ['Bd2', 'Qc7'], ['h3', 'Bd7'], ['Nc3', 'a6'], ['a4', 'Ng6'], ['O-O', 'Be7'], ['Nh2', 'O-O'], ['Qh5', 'c4'], ['Be2', 'f5\n'], ['Bg5', 'Bxg5'], ['Qxg5', 'fxe4'], ['Nxe4', 'Bf5'], ['Qe3', 'Nd7'], ['Ng5', 'Nf4'], ['Bf3', 'h6'], ['Ne6', 'Nxe6\n'], ['g4', 'Nd4'], ['gxf5', 'Nxc2'], ['Qe4', 'Nxa1'], ['Rxa1', 'Nf6'], ['Qh4', 'c3'], ['bxc3', 'Qxc3'], ['Rd1', 'Rac8\n'], ['Kh1', 'Rc4'], ['Qg3', 'e4'], ['Rg1', 'Rf7'], ['Bd1', 'Qxg3'], ['Rxg3', 'Rc1'], ['Rg1', 'Rfc7'], ['Ng4', 'Nxg4\n'], ['hxg4', 'R7c4'], ['Kg2', 'Rd4'], ['Bb3', 'Rxg1+'], ['Kxg1', 'Rb4'], ['Bc2', 'Rc4'], ['Bb3', 'Rc3']]",0-1
London m2,London,1851.??.??,1,"Bird, Henry Edward","Horwitz, Bernhard",,,C65,"[['e4', 'e5'], ['Nf3', 'Nc6'], ['Bb5', 'Nf6'], ['d4', 'exd4'], ['e5', 'Ne4'], ['O-O', 'f5'], ['Nxd4', 'Nxd4'], ['Qxd4', 'Bc5\n'], ['Qd3', 'O-O'], ['Nc3', 'Nxc3'], ['bxc3', 'Qe7'], ['Bf4', 'Kh8'], ['Qg3', 'h6'], ['h4', 'a6'], ['Bd3', 'Qe6\n'], ['Rfe1', 'b6'], ['a4', 'Bb7'], ['Re2', 'Rf7'], ['Rd1', 'Rg8'], ['Red2', 'Bc6'], ['Bxa6', 'g5'], ['hxg5', 'hxg5\n'], ['Bxg5', 'Qg6'], ['Bc4', 'Rfg7'], ['Qh4+', 'Rh7'], ['Bf6+', 'Rg7'], ['Bxg7+', 'Kxg7'], ['Rxd7+', 'Bxd7\n'], ['Rxd7+', '']]",1-0
London,London,1851.??.??,2,"Horwitz, Bernhard","Staunton, Howard",,,B21,"[['e4', 'c5'], ['f4', 'Nc6'], ['Nf3', 'e6'], ['c4', 'g6'], ['Nc3', 'Bg7'], ['Be2', 'd6'], ['O-O', 'Nge7'], ['a3', 'a6'], ['Rb1', 'O-O\n'], ['Qc2', 'f5'], ['d3', 'Bd7'], ['Be3', 'Rc8'], ['e5', 'Nd4'], ['Nxd4', 'cxd4'], ['Bxd4', 'Nc6'], ['Be3', 'dxe5\n'], ['fxe5', 'Bxe5'], ['Qd2', 'Qc7'], ['g3', 'Bxg3'], ['Bf3', 'Bd6'], ['d4', 'b6'], ['b4', 'Be7'], ['c5', 'bxc5\n'], ['dxc5', 'Bf6'], ['Be2', 'Nb8'], ['Bf4', 'Qb7'], ['Bd6', 'Rfd8'], ['Bc4', 'Nc6'], ['Ne4', 'Bd4+'], ['Nf2', 'Ne5\n'], ['Be2', 'Nf3+'], ['Bxf3', 'Qxf3'], ['Qxd4', 'Bc6'], ['Ne4', 'Qg4+'], ['Kf2', 'Bxe4'], ['Rb2', 'Qf3+\n'], ['Ke1', 'Qxa3'], ['Rff2', 'Bd5'], ['h4', 'Qa1+'], ['Kd2', 'Kf7'], ['h5', 'Qh1'], ['hxg6+', 'Kxg6'], ['Rh2', 'Qe4\n'], ['Qxe4', 'Bxe4'], ['Ke3', 'Rd7'], ['Ra2', 'Rc6'], ['Ra1', 'Rdxd6'], ['cxd6', 'Rxd6'], ['Rg1+', 'Kf6\n'], ['Rxh7', 'Ke5'], ['Rg8', 'f4+'], ['Kf2', 'Bxh7']]",0-1
London,London,1851.??.??,2,"Bird, Henry Edward","Horwitz, Bernhard",,,C65,"[['e4', 'e5'], ['Nf3', 'Nc6'], ['Bb5', 'Nf6'], ['d4', 'Nxd4'], ['Nxd4', 'exd4'], ['e5', 'Nd5'], ['O-O', 'Bc5'], ['c3', 'a6\n'], ['Bc4', 'Nb6'], ['Bb3', 'dxc3'], ['Nxc3', 'O-O'], ['Ne4', 'Qe7'], ['Qh5', 'd6'], ['Bg5', 'Qxe5'], ['Rae1', 'Nd5\n'], ['Nxc5', 'Nf6'], ['Qh4', 'Qxc5'], ['Bxf6', 'gxf6'], ['Re3', 'Bf5'], ['Qxf6', 'Bg6'], ['Rg3', 'Qe5'], ['Qh4', 'Qxb2\n'], ['f4', 'Qd4+'], ['Kh1', 'Rae8'], ['Qg5', 'Qb2'], ['Rgf3', 'Qd2'], ['h4', 'c6'], ['h5', 'Re5'], ['Bxf7+', 'Rxf7\n'], ['Qd8+', 'Rf8'], ['Qxf8+', 'Kxf8'], ['fxe5+', 'Kg7'], ['hxg6', 'dxe5'], ['gxh7', 'Kxh7'], ['Kh2', 'e4\n'], ['Rh3+', 'Kg6'], ['Rg3+', 'Kh7'], ['Rf7+', 'Kh6'], ['Rf6+', 'Kh5'], ['Rf8', 'Qd4'], ['Rh8+', 'Qxh8'], ['Rh3+', 'Kg4\n'], ['Rxh8', 'Kf4'], ['Rf8+', 'Ke3'], ['Kg3', 'c5'], ['Rb8', 'b5'], ['Rb6', 'c4'], ['Rxa6', 'c3'], ['Rc6', 'Kd2\n'], ['Kf4', 'e3'], ['Rd6+', 'Ke2'], ['g4', 'Kf2'], ['Rh6', 'e2'], ['Rh2+', 'Kf1'], ['Kf3', 'e1=N+'], ['Ke3', 'Ng2+\n'], ['Rxg2', 'Kxg2'], ['g5', 'b4'], ['Kd3', '']]",1-0
London m2,London,1851.??.??,2,"Horwitz, Bernhard","Bird, Henry Edward",,,C01,"[['e4', 'e6'], ['d4', 'd5'], ['exd5', 'exd5'], ['Bd3', 'Nf6'], ['Nf3', 'Bd6'], ['O-O', 'O-O'], ['Bg5', 'Be6'], ['c3', 'c6\n'], ['Ne5', 'Nbd7'], ['f4', 'Qb6'], ['Nxd7', 'Bxd7'], ['Bxf6', 'gxf6'], ['Qh5', 'f5'], ['Qg5+', 'Kh8'], ['Qf6+', 'Kg8\n'], ['Qxd6', 'Be6'], ['b3', 'Rfe8'], ['Nd2', '']]",1-0
London,London,1851.??.??,2,"Szen, Jozsef","Horwitz, Bernhard",,,C67,"[['e4', 'e5'], ['Nf3', 'Nc6'], ['Bb5', 'Nf6'], ['O-O', 'Nxe4'], ['Re1', 'Nf6'], ['Nxe5', 'Nxe5'], ['Rxe5+', 'Be7\n'], ['d4', 'O-O'], ['Qe1', 'Bd6'], ['Re2', 'c6'], ['Bd3', 'Bc7'], ['Bg5', 'Bxh2+'], ['Kh1', 'Bc7'], ['Qd2', 'd5\n'], ['Nc3', 'Qd6'], ['g3', 'Bg4'], ['Re3', 'Bh5'], ['Bxf6', 'Qxf6'], ['Kg2', 'Qg5'], ['Rh1', 'Bf4'], ['Rxh5', 'Bxe3\n'], ['Qe2', 'Qxh5'], ['Qxh5', 'g6'], ['Qh4', 'Bc1'], ['b3', 'Rae8'], ['Ne2', 'f5'], ['Nxc1', 'f4'], ['gxf4', '']]",1-0
London,London,1851.??.??,3,"Horwitz, Bernhard","Bird, Henry Edward",,,B21,"[['e4', 'c5'], ['f4', 'd5'], ['exd5', 'Qxd5'], ['Nc3', 'Qd8'], ['Nf3', 'Nf6'], ['Ne5', 'e6'], ['Bb5+', 'Bd7'], ['Qf3', 'Qc7\n'], ['Bxd7+', 'Nbxd7'], ['O-O', 'a6'], ['d3', 'Bd6'], ['Nc4', 'O-O'], ['Nxd6', 'Qxd6'], ['f5', 'Ne5'], ['Qg3', 'exf5\n'], ['Rxf5', 'Nfd7'], ['Bf4', 'f6'], ['Rf1', 'Qe6'], ['Bd2', 'Rae8'], ['b3', 'Nc6'], ['R5f2', 'Nd4'], ['Bh6', 'Rf7\n'], ['Ne4', 'f5'], ['Nd6', 'Qxh6'], ['Nxe8', 'Re7'], ['Qd6', 'Qe3'], ['Qd5+', 'Kf8'], ['Nd6', 'Nf6'], ['Nxf5', 'Qxf2+\n'], ['Kxf2', 'Nxd5'], ['Nxe7', 'Kxe7'], ['Re1+', 'Kd6'], ['Rc1', 'Nc3'], ['a3', 'b5'], ['Ke3', 'Kd5'], ['Kd2', 'b4\n'], ['axb4', 'Na2'], ['Rb1', 'cxb4'], ['Ra1', 'Nc3'], ['Rxa6', 'Ke5'], ['Ra7', 'Nf5'], ['g4', 'Nd4'], ['Rxg7', 'Nf3+\n'], ['Ke3', 'Nxh2'], ['d4+', 'Kf6'], ['Rxh7', 'Nxg4+'], ['Kd3', 'Nd5'], ['Ke4', 'Ke6'], ['Ra7', 'Ngf6+'], ['Kd3', 'Kf5\n'], ['Kc4', 'Ke4'], ['Ra6', 'Ke3'], ['Rd6', 'Ke4'], ['Kc5', 'Ne3'], ['Re6+', '']]",1-0
London,London,1851.??.??,3,"Horwitz, Bernhard","Szen, Jozsef",,,C00,"[['e4', 'c5'], ['f4', 'e6'], ['Nf3', 'd5'], ['e5', 'Nc6'], ['Be2', 'Nh6'], ['O-O', 'Be7'], ['b3', 'O-O'], ['c3', 'Bd7'], ['Bd3', 'f6\n'], ['Bc2', 'Rc8'], ['Qe2', 'Qc7'], ['Ba3', 'fxe5'], ['fxe5', 'Be8'], ['Qe3', 'Ng4'], ['Qe2', 'Ngxe5'], ['Nxe5', 'Rxf1+\n'], ['Kxf1', 'Qxe5'], ['Qxe5', 'Nxe5'], ['d4', 'Ng4'], ['Kg1', 'Bf8'], ['Bd1', 'Ne3'], ['Nd2', 'cxd4'], ['Bxf8', 'dxc3\n'], ['Ba3', 'cxd2'], ['Kf2', 'Nc2'], ['Bxc2', 'Rxc2'], ['Ke3', 'Bh5'], ['Rf1', 'h6']]",0-1
London,London,1851.??.??,3,"Staunton, Howard","Horwitz, Bernhard",,,A91,"[['c4', 'f5'], ['Nc3', 'Nf6'], ['d4', 'e6'], ['g3', 'Be7'], ['Bg2', 'O-O'], ['e3', 'Na6'], ['Nge2', 'd6'], ['O-O', 'c6\n'], ['a3', 'Nc7'], ['f4', 'd5'], ['b3', 'b6'], ['Bb2', 'Ba6'], ['Qc2', 'Qd7'], ['Nd1', 'Nce8'], ['Rc1', 'Rc8'], ['c5', 'bxc5\n'], ['dxc5', 'Bxc5'], ['Qxc5', 'Bxe2'], ['Rf2', 'Bxd1'], ['Rxd1', 'Nd6'], ['Bxf6', 'Rxf6'], ['Rc2', 'Rff8\n'], ['Rd4', 'Ne4'], ['Bxe4', 'fxe4'], ['Ra4', 'Rc7'], ['b4', 'Rfc8'], ['Ra6', 'Kf7'], ['Kg2', 'Qe7'], ['g4', 'Qxc5\n'], ['Rxc5', 'Ke7'], ['Rca5', 'Ra8'], ['Kg3', 'Kd7'], ['Rc5', 'Rb8'], ['Rca5', 'Rbb7'], ['h4', 'Kc8'], ['h5', 'Kb8\n'], ['Rc5', 'Rb6'], ['Ra4', 'Kb7'], ['g5', 'Rb5'], ['Kg4', 'Kb6'], ['Ra5', 'Rxa5'], ['Rxa5', 'c5'], ['Rxc5', 'Rxc5\n'], ['bxc5+', 'Kxc5'], ['f5', 'exf5+'], ['Kxf5', 'Kd6'], ['a4', 'a5'], ['h6', 'gxh6'], ['gxh6', 'Kc6'], ['Kf4', 'Kc5\n'], ['Kf5', 'Kc4'], ['Ke5', 'Kd3'], ['Kf6', 'Kxe3'], ['Kg7', 'd4'], ['Kxh7', 'd3'], ['Kg6', 'd2'], ['h7', 'd1=Q\n'], ['h8=Q', 'Qxa4'], ['Qh3+', 'Kd4'], ['Qe6', 'Qb5'], ['Qf6+', 'Qe5'], ['Qf2+', 'e3'], ['Qb2+', 'Ke4'], ['Qb1+', 'Kf3\n'], ['Qf1+', 'Kg4'], ['Qg2+', 'Qg3'], ['Qe4+', 'Kh3+'], ['Kh5', 'Kh2'], ['Qc2+', 'Kh3'], ['Qf5+', 'Kg2'], ['Qc2+', 'Qf2\n'], ['Qg6+', 'Kh2'], ['Qd6+', 'Qg3'], ['Qd3', 'Qh3+'], ['Kg5', 'e2'], ['Qd2', 'Qg2+'], ['Kh5', 'e1=Q'], ['Qxe1', 'Qh3+']]",0-1
London m2,London,1851.??.??,3,"Bird, Henry Edward","Horwitz, Bernhard",,,C67,"[['e4', 'e5'], ['Nf3', 'Nc6'], ['Bb5', 'Nf6'], ['O-O', 'Nxe4'], ['d4', 'exd4'], ['Re1', 'f5'], ['Nxd4', 'Bc5'], ['Rxe4+', 'fxe4\n'], ['Qh5+', 'g6'], ['Qxc5', 'Qe7'], ['Qc3', 'Ne5'], ['Bf4', 'O-O'], ['Bc4+', 'Nxc4'], ['Qxc4+', 'Rf7'], ['Be3', 'c6\n'], ['Qb3', 'd5'], ['Nd2', 'c5'], ['Ne2', 'd4'], ['Bf4', 'd3'], ['cxd3', 'Be6'], ['Qc3', 'Bg4'], ['Nxe4', 'Bxe2\n'], ['Bg5', 'Qd7'], ['Nf6+', 'Rxf6'], ['Qxf6', 'Bxd3'], ['Bh6', 'Re8'], ['Rd1', 'Bf5'], ['Rc1', 'b6'], ['h3', 'Qf7\n'], ['Qc3', 'Rd8'], ['Re1', 'Rd4'], ['Qg3', 'Rd8'], ['Qg5', 'Rd7'], ['Re3', 'Rd1+'], ['Kh2', 'Rd7'], ['Qf4', 'Rd8\n'], ['Qe5', 'Qd7'], ['f4', 'Qf7'], ['b3', 'Bb1'], ['Re2', 'Bd3'], ['Re3', 'Bb1'], ['g4', 'c4'], ['Qb2', 'Bd3\n'], ['Qe5', 'Rc8'], ['Qd6', 'g5'], ['f5', 'cxb3'], ['Rxd3', 'Qc7'], ['Qxc7', 'Rxc7'], ['axb3', 'a5'], ['Bxg5', 'b5\n'], ['Bf4', 'Rc2+'], ['Kg3', 'b4'], ['Kf3', 'Ra2'], ['Ke4', 'Ra3'], ['Kd4', 'a4'], ['Kc4', 'axb3'], ['Rxb3', 'Ra7\n'], ['Rxb4', 'Ra3'], ['h4', 'Rh3'], ['Bg5', 'h6'], ['Rb8+', '']]",1-0
London,London,1851.??.??,4,"Horwitz, Bernhard","Staunton, Howard",,,B20,"[['e4', 'c5'], ['Bc4', 'Nc6'], ['a3', 'e6'], ['Nc3', 'g6'], ['Nge2', 'Bg7'], ['O-O', 'a6'], ['a4', 'Nge7'], ['Nf4', 'b6\n'], ['d3', 'Bb7'], ['Be3', 'Rc8'], ['Ba2', 'O-O'], ['Rb1', 'Qc7'], ['Nh3', 'Nb4'], ['Bb3', 'd5'], ['exd5', 'exd5\n'], ['d4', 'Qc6'], ['Ne2', 'c4'], ['c3', 'cxb3'], ['cxb4', 'Qxa4'], ['Ra1', 'Qxb4'], ['Ra3', 'Rc2'], ['Bc1', 'Rfc8\n'], ['Nhf4', 'a5'], ['Nd3', 'Qc4'], ['Be3', 'Ba6'], ['Nec1', 'a4'], ['Re1', 'Nf5'], ['Qg4', 'Bxd4'], ['Bxd4', 'Nxd4\n'], ['Qg5', 'Rxc1'], ['Nxc1', 'Nc2'], ['Rd1', 'Nxa3'], ['bxa3', 'b2']]",0-1
London m2,London,1851.??.??,4,"Horwitz, Bernhard","Bird, Henry Edward",,,B21,"[['e4', 'c5'], ['f4', 'Nc6'], ['Nf3', 'e6'], ['Bb5', 'Qb6'], ['Nc3', 'Be7'], ['d3', 'Nf6'], ['Bxc6', 'bxc6'], ['O-O', 'O-O\n'], ['Na4', 'Qc7'], ['c4', 'd5'], ['Nc3', 'Ba6'], ['b3', 'Rad8'], ['Qe2', 'Rfe8'], ['e5', 'Nd7'], ['Bb2', 'f6\n'], ['Rae1', 'fxe5'], ['fxe5', 'Rf8'], ['Nd1', 'Qa5'], ['Bc3', 'Qc7'], ['Bd2', 'Nb6'], ['Bg5', 'Bc8'], ['Bxe7', 'Qxe7\n'], ['Rf2', 'Bd7'], ['g3', 'Be8'], ['Nh4', 'Rxf2'], ['Nxf2', 'g5'], ['Nf3', 'Bh5'], ['Qe3', 'h6'], ['g4', 'Bg6\n'], ['h4', 'Rf8'], ['hxg5', 'd4'], ['Qe2', 'Qf7'], ['Kg2', 'h5'], ['Rh1', 'Nd7'], ['Nh4', 'Nxe5'], ['Nxg6', 'Nxg6\n'], ['Kg1', 'Nf4'], ['Qe4', 'e5'], ['gxh5', 'Nxh5'], ['Rh2', 'Ng3'], ['Qh4', 'Ne2+'], ['Kf1', 'Qf5'], ['Kxe2', 'Qf3+\n'], ['Kf1', 'Qxd3+'], ['Kg1', 'Qb1+'], ['Kg2', 'Qf5'], ['Rh3', 'e4'], ['Qxe4', 'Qxf2+']]",1/2-1/2
London,London,1851.??.??,4,"Bird, Henry Edward","Horwitz, Bernhard",,,B30,"[['e4', 'c5'], ['Nf3', 'Nc6'], ['Bb5', 'Qc7'], ['O-O', 'e6'], ['Nc3', 'a6'], ['Bxc6', 'bxc6'], ['e5', 'Ne7'], ['d3', 'Ng6\n'], ['Re1', 'Be7'], ['b3', 'f6'], ['Ne4', 'fxe5'], ['Bg5', 'd6'], ['Bxe7', 'Qxe7'], ['Neg5', 'h6'], ['Ne4', 'O-O\n'], ['Re3', 'Nf4'], ['g3', 'Nd5'], ['Re1', 'Bd7'], ['c4', 'Nf6'], ['Re3', 'Be8'], ['Nxf6+', 'Qxf6'], ['Qd2', 'e4\n'], ['Rae1', 'exf3'], ['Re4', 'e5'], ['Kh1', 'Bd7'], ['g4', 'Qg5'], ['Qa5', 'Bxg4'], ['Rg1', 'h5'], ['Qc7', 'Qd2\n'], ['Qxd6', 'Qxf2'], ['Rxe5', 'Qxg1+'], ['Kxg1', 'f2+']]",0-1
London,London,1851.??.??,4,"Szen, Jozsef","Horwitz, Bernhard",,,C65,"[['e4', 'e5'], ['Nf3', 'Nc6'], ['Bb5', 'Nf6'], ['O-O', 'Be7'], ['d4', 'Nxd4'], ['Nxd4', 'exd4'], ['e5', 'Nd5'], ['Qxd4', 'Nb6\n'], ['a4', 'c6'], ['Bd3', 'Nd5'], ['Nc3', 'Nxc3'], ['Qxc3', 'O-O'], ['Bf4', 'f5'], ['Rad1', 'a5'], ['Bc4+', 'Kh8\n'], ['Rd3', 'Bb4'], ['Qd4', 'Qe7'], ['Rg3', 'b6'], ['Qxb6', 'Bc5'], ['Qb3', 'Ba6'], ['Bxa6', 'Rxa6'], ['Qc3', 'Bb4\n'], ['Qc4', 'Raa8'], ['c3', 'Bc5'], ['Rd1', 'Rab8'], ['Rd2', 'h6'], ['Re2', 'Rfe8'], ['Rd2', 'd5'], ['exd6', 'Qe1+\n'], ['Qf1', 'g5'], ['d7', 'Qxf1+'], ['Kxf1', 'gxf4'], ['dxe8=Q+', 'Rxe8'], ['Rg6', 'f3'], ['Rxh6+', 'Kg7\n'], ['Rxc6', 'Be7'], ['Rd7', 'Kf8'], ['Re6', '']]",1-0
London,London,1851.??.??,5,"Staunton, Howard","Horwitz, Bernhard",,,A10,"[['c4', 'f5'], ['Nc3', 'e6'], ['e3', 'Nf6'], ['g3', 'Na6'], ['Bg2', 'c6'], ['Nge2', 'Be7'], ['O-O', 'O-O'], ['a3', 'Nc7\n'], ['b3', 'b6'], ['Bb2', 'Rb8'], ['Qc2', 'Bb7'], ['Rac1', 'c5'], ['d4', 'Bxg2'], ['Kxg2', 'Qc8'], ['f3', 'Qb7\n'], ['a4', 'cxd4'], ['Nxd4', 'Bc5'], ['Qd2', 'Rbd8'], ['Ncb5', 'Nxb5'], ['axb5', 'Bxd4'], ['Qxd4', 'd6'], ['Qf4', 'Ng4\n'], ['e4', 'e5'], ['Qd2', 'Nh6'], ['Qd5+', 'Qxd5'], ['exd5', 'Rf7'], ['Ra1', 'Rc7'], ['Bc1', 'Nf7'], ['Ra2', 'h6\n'], ['Be3', 'Rdd7'], ['f4', 'e4'], ['h3', 'h5'], ['Rd1', 'Nh6'], ['Kf2', 'Kf8'], ['Rc2', 'Ng8']]",1/2-1/2
London m2,London,1851.??.??,5,"Bird, Henry Edward","Horwitz, Bernhard",,,C41,"[['e4', 'e5'], ['Nf3', 'd6'], ['d4', 'exd4'], ['Bc4', 'Be7'], ['Nxd4', 'Nf6'], ['Nc3', 'O-O'], ['O-O', 'Nxe4'], ['Nxe4', 'd5\n'], ['Bxd5', 'Qxd5'], ['Nc3', 'Qd8'], ['Bf4', 'Na6'], ['Re1', 'Bf6'], ['Ndb5', 'Bd7'], ['Qf3', 'Bc6'], ['Qg3', 'Bxc3\n'], ['Nxc3', 'Qf6'], ['Bxc7', 'Nxc7'], ['Qxc7', 'Qg6'], ['Qg3', 'Qxc2'], ['Re2', 'Qf5'], ['Rae1', 'Rad8\n'], ['Re5', 'Qf6'], ['h3', 'h6'], ['b4', 'a6'], ['a4', 'Rd4'], ['b5', 'axb5'], ['axb5', 'Bd7'], ['Nd5', 'Qd6\n'], ['Ne7+', 'Kh8'], ['Qf3', 'b6'], ['g4', 'Rd3'], ['R1e3', 'Rxe3'], ['Qxe3', 'Re8'], ['Ng6+', 'fxg6'], ['Rxe8+', 'Bxe8\n'], ['Qxe8+', 'Kh7'], ['Qc6', 'Qd4'], ['Kg2', 'h5'], ['gxh5', 'gxh5'], ['Qe6', 'g6'], ['Qf7+', 'Kh6'], ['Qf8+', 'Kh7\n'], ['Qe7+', 'Kg8'], ['Qe6+', 'Kg7'], ['Qc6', '']]",1/2-1/2
London,London,1851.??.??,6,"Horwitz, Bernhard","Staunton, Howard",,,A02,"[['f4', 'c5'], ['Nf3', 'e6'], ['e3', 'g6'], ['c3', 'Bg7'], ['Na3', 'Ne7'], ['Be2', 'O-O'], ['O-O', 'b6'], ['Nc2', 'Bb7\n'], ['Rb1', 'Nbc6'], ['b3', 'e5'], ['fxe5', 'Nxe5'], ['d4', 'Ng4'], ['h3', 'Nf6'], ['Bd3', 'Rc8'], ['dxc5', 'Nfd5\n'], ['Bd2', 'bxc5'], ['c4', 'Nc3'], ['Bxc3', 'Bxc3'], ['Nh2', 'Qc7'], ['Qe2', 'Rce8'], ['Ne1', 'd5'], ['Rc1', 'Bg7\n'], ['cxd5', 'Nxd5'], ['e4', 'Bd4+'], ['Kh1', 'Nf4'], ['Qc2', 'Nh5'], ['Rf3', 'Ng3+'], ['Rxg3', 'Qxg3'], ['Nef3', 'Rc8\n'], ['Rf1', 'h5'], ['Qd2', 'Bg7'], ['Qc2', 'Kh7'], ['Rf2', 'Bd4'], ['Rf1', 'Kg7'], ['Qd2', 'Rcd8'], ['Qc2', 'Rd6\n'], ['Nxd4', 'Rxd4'], ['Nf3', 'Rd7'], ['Qc3+', 'Kg8'], ['Bc2', 'Rfd8'], ['Qxc5', 'Ba6'], ['Rf2', 'Rd4'], ['Nxd4', 'Qxf2\n'], ['Ne6', 'Qf1+'], ['Kh2', 'fxe6'], ['Qg5', 'Rd7'], ['Qxg6+', 'Kf8'], ['Qxe6', 'Qf4+'], ['Kh1', 'Rd6'], ['Qf5+', 'Qxf5\n'], ['exf5', 'Bb7']]",0-1
London m2,London,1851.??.??,6,"Horwitz, Bernhard","Bird, Henry Edward",,,C00,"[['e4', 'c5'], ['f4', 'e6'], ['Nf3', 'd5'], ['e5', 'Be7'], ['Bb5+', 'Bd7'], ['Bxd7+', 'Nxd7'], ['c3', 'Nh6'], ['O-O', 'O-O\n'], ['d4', 'Qb6'], ['b3', 'f6'], ['Ba3', 'Rad8'], ['Kh1', 'Nf5'], ['Re1', 'fxe5'], ['fxe5', 'Rf7'], ['Bc1', 'Rdf8\n'], ['a4', 'a5'], ['Na3', 'cxd4'], ['cxd4', 'Bb4'], ['Bd2', 'Bxa3'], ['Rxa3', 'Nxd4'], ['Be3', 'Qb4'], ['Nxd4', 'Qxa3\n'], ['Nxe6', 'Re8'], ['Ng5', 'Rxe5'], ['Nxf7', 'Kxf7'], ['Rf1+', 'Nf6'], ['Bd4', 'Re6'], ['Bxf6', 'gxf6\n'], ['Qxd5', 'b6'], ['Qf5', 'Qxb3'], ['Qxh7+', 'Kf8']]",1/2-1/2
London m2,London,1851.??.??,7,"Bird, Henry Edward","Horwitz, Bernhard",,,C41,"[['e4', 'e5'], ['Nf3', 'd6'], ['Bc4', 'Be6'], ['Bxe6', 'fxe6'], ['d4', 'exd4'], ['Nxd4', 'Qd7'], ['O-O', 'c5'], ['Nf3', 'Nc6\n'], ['Nc3', 'O-O-O'], ['a4', 'a6'], ['a5', 'Be7'], ['Na4', 'Kb8'], ['Nb6', 'Qc7'], ['Bd2', 'Nf6'], ['Ng5', 'Nd4\n'], ['c3', 'h6'], ['Nf7', 'Nc6'], ['Nxh8', 'Rxh8'], ['Qa4', 'Bd8'], ['Rfe1', 'Nxa5'], ['Qxa5', 'Qc6'], ['Qa4', 'Qxb6\n'], ['b4', 'Ng4'], ['h3', 'Ne5']]",0-1
London,London,1851.??.??,7,"Staunton, Howard","Horwitz, Bernhard",,,A10,"[['c4', 'e6'], ['Nc3', 'f5'], ['g3', 'Nf6'], ['Bg2', 'c6'], ['d3', 'Na6'], ['a3', 'Be7'], ['e3', 'O-O'], ['Nge2', 'Nc7\n'], ['O-O', 'd5'], ['b3', 'Qe8'], ['Bb2', 'Qf7'], ['Rc1', 'Bd7'], ['e4', 'fxe4'], ['dxe4', 'Rad8'], ['e5', 'Nfe8\n'], ['f4', 'dxc4'], ['bxc4', 'Bc5+'], ['Kh1', 'Be3'], ['Rb1', 'g6'], ['Qb3', 'Bc8'], ['Ne4', 'Bb6'], ['Rbd1', 'Na6\n'], ['Qc3', 'Rxd1'], ['Rxd1', 'Nc5'], ['Nd6', 'Qc7'], ['Qc2', 'Ng7'], ['g4', 'Qe7'], ['Bd4', 'Qc7'], ['a4', 'Na6\n'], ['c5', 'Ba5'], ['Qb3', 'b6'], ['Ne4', 'bxc5'], ['Nf6+', 'Kh8'], ['Qh3', 'Ne8'], ['Ba1', 'Nxf6'], ['exf6', 'Kg8\n'], ['Be5', 'Qb7'], ['Be4', 'Qf7'], ['Ng1', 'Bd8'], ['g5', 'Bb7'], ['Nf3', 'Re8'], ['Bd6', 'Bxf6'], ['gxf6', 'Qxf6\n'], ['Ng5', 'Qg7'], ['Be5', 'Qe7'], ['Bxg6', '']]",1-0
London m2,London,1851.??.??,8,"Horwitz, Bernhard","Bird, Henry Edward",,,B44,"[['e4', 'c5'], ['d4', 'cxd4'], ['Nf3', 'e6'], ['Nxd4', 'Nc6'], ['Be3', 'g6'], ['c3', 'Bg7'], ['Nb5', 'Be5'], ['f4', 'Bb8\n'], ['e5', 'Nge7'], ['Be2', 'Nd5'], ['Bd2', 'O-O'], ['c4', 'Nde7'], ['Bc3', 'Bc7'], ['Nd6', 'Bxd6'], ['exd6', 'Nf5\n'], ['Qd3', 'Qb6'], ['Na3', 'Qe3'], ['Qxe3', 'Nxe3'], ['g4', 'Ng2+'], ['Kf2', 'Nxf4'], ['h4', 'f5'], ['g5', 'Nxe2\n'], ['Kxe2', 'e5'], ['h5', 'b6'], ['hxg6', 'hxg6'], ['Rh6', 'Kf7'], ['Rh7+', 'Ke6'], ['Nb5', 'Rb8'], ['Rd1', 'f4\n'], ['Nc7+', 'Kf5'], ['Rg1', 'Bb7'], ['Rxd7', 'Rbd8'], ['Rh7', 'Ba8'], ['d7', 'Bb7'], ['Nb5', 'Ba6'], ['a4', 'Bxb5\n'], ['axb5', 'Nb8'], ['Re7', 'Nxd7'], ['Rd1', 'Nc5'], ['Rxe5+', 'Kg4'], ['Rg1+', 'Kh3'], ['Re7', 'f3+'], ['Ke3', 'Rd7\n'], ['Rxd7', 'Nxd7'], ['Kf2', 'Nc5'], ['Bf6', 'Ne4+'], ['Kxf3', 'Nxg5+'], ['Kf4', 'Kh2'], ['Rxg5', 'Rxf6+\n'], ['Ke5', 'Rf2'], ['Rxg6', 'Rxb2'], ['Kd5', 'Rd2+'], ['Kc6', 'Rd4'], ['Kb7', 'Rd7+'], ['Ka6', 'Kh3'], ['Rg8', 'Rc7\n'], ['Ra8', 'Kg4'], ['Rxa7', 'Rxc4'], ['Rf7', 'Kg5'], ['Kxb6', 'Rc2'], ['Kb7', 'Rc5'], ['b6', 'Rc3'], ['Kb8', '']]",1-0
London m2,London,1851.??.??,9,"Bird, Henry Edward","Horwitz, Bernhard",,,C62,"[['e4', 'e5'], ['Nf3', 'Nc6'], ['Bb5', 'd6'], ['c3', 'Bd7'], ['d4', 'exd4'], ['cxd4', 'Be7'], ['Nc3', 'Nf6'], ['O-O', 'O-O\n'], ['h3', 'a6'], ['Bd3', 'b5'], ['a3', 'Ne8'], ['b4', 'f5'], ['Qc2', 'fxe4'], ['Bxe4', 'Nf6'], ['Ng5', 'Nxe4\n'], ['Ncxe4', 'Rf5'], ['Nf3', 'Rxf3'], ['gxf3', 'Nxd4'], ['Qd3', 'c5'], ['Kh2', 'Qf8'], ['f4', 'Qf5'], ['Re1', 'd5\n'], ['bxc5', 'dxe4'], ['Qxd4', 'Bf6'], ['Qxe4', 'Qxe4'], ['Rxe4', 'Bxa1'], ['Re7', 'Rd8'], ['Be3', 'Bb2\n'], ['Kg3', 'Kf8'], ['Re4', 'Bxa3'], ['Bd4', 'Bf5'], ['Re5', 'g6'], ['Be3', 'Bb2'], ['c6', 'Bxe5'], ['fxe5', 'Rc8']]",0-1
London m2,London,1851.??.??,10,"Horwitz, Bernhard","Bird, Henry Edward",,,C01,"[['e4', 'e6'], ['d4', 'd5'], ['exd5', 'exd5'], ['Bd3', 'Nf6'], ['Nf3', 'Bg4'], ['O-O', 'Be7'], ['h3', 'Bxf3'], ['Qxf3', 'O-O\n'], ['c3', 'c5'], ['dxc5', 'Bxc5'], ['Bg5', 'Be7'], ['Nd2', 'Nc6'], ['Rfe1', 'Qd6'], ['Qf5', 'g6'], ['Qf3', 'Ne5\n'], ['Qg3', 'Nxd3'], ['Qxd3', 'Rae8'], ['Bh6', 'Bd8'], ['Bxf8', 'Rxf8'], ['Re2', 'Bc7'], ['Nf3', 'Nh5'], ['Re5', 'Nf4\n'], ['Qd4', 'Qxe5'], ['Qxe5', 'Bxe5'], ['Nxe5', 'Re8'], ['Re1', 'Re6'], ['Kf1', 'Kg7'], ['h4', 'Kf6'], ['Ng4+', 'Ke7\n'], ['Ne3', 'Kd6'], ['g3', 'Nd3'], ['Re2', 'f5'], ['Rd2', 'Nc5'], ['Rxd5+', 'Kc6'], ['Rd4', 'Ne4'], ['Kg2', 'b6\n'], ['Nd5', 'b5'], ['Nb4+', 'Kb6'], ['f3', 'Nc5'], ['Kf2', 'Nb7'], ['Nd5+', 'Kc6'], ['Nf4', 'Rd6'], ['Rxd6+', 'Kxd6\n'], ['Ke3', 'Nc5'], ['b3', 'a5'], ['Kd4', 'a4'], ['b4', 'Nb3+'], ['Kd3', 'Nc1+'], ['Kc2', 'Nxa2'], ['Kb2', 'Nxc3\n'], ['Kxc3', 'Ke5'], ['Nd3+', 'Kd5'], ['Ne1', 'h6'], ['Nc2', 'Ke5'], ['Kd3', 'Kd5'], ['Na3', 'g5'], ['hxg5', 'hxg5\n'], ['Nxb5', 'Ke5'], ['Na3', 'f4'], ['g4', 'Kd5'], ['Kc3', 'Kd6'], ['Kc4', '']]",1-0
London m2,London,1851.??.??,11,"Bird, Henry Edward","Horwitz, Bernhard",,,C66,"[['e4', 'e5'], ['Nf3', 'Nc6'], ['Bb5', 'd6'], ['c3', 'Bd7'], ['d4', 'Nf6'], ['O-O', 'Be7'], ['d5', 'Nb8'], ['Bd3', 'O-O\n'], ['Ne1', 'b6'], ['f4', 'Bg4'], ['Qc2', 'exf4'], ['Bxf4', 'Nbd7'], ['Nd2', 'Bh5'], ['Nef3', 'h6'], ['Rae1', 'Bg6\n'], ['Nd4', 'Nc5'], ['Bc4', 'a6'], ['b4', 'Nb7'], ['Bd3', 'Qd7'], ['N2f3', 'Rfe8'], ['c4', 'a5'], ['Nh4', 'axb4\n'], ['Nxg6', 'fxg6'], ['Nc6', 'Nc5'], ['e5', 'Nxd3'], ['Qxd3', 'dxe5'], ['Bxe5', 'Bc5+'], ['Kh1', 'Kh7'], ['Bxf6', 'Rxe1\n'], ['Rxe1', 'gxf6'], ['d6', 'Qxd6'], ['Qf3', 'Ra3'], ['Qe4', 'f5'], ['Qe8', 'Re3'], ['Rxe3', 'Bxe3'], ['Qxe3', 'Qxc6\n'], ['Qe7+', 'Kg8'], ['Qxb4', 'Qd6'], ['Qb3', 'Kf7'], ['a4', 'Qc5'], ['h3', 'f4'], ['Qd3', 'Qe3'], ['Qd7+', 'Qe7\n'], ['Qd5+', 'Qe6'], ['Qd4', 'g5'], ['c5', 'Ke7'], ['Qg7+', 'Kd8'], ['cxb6', 'Qxb6'], ['Qf8+', 'Kd7'], ['Qg7+', 'Kc8\n'], ['h4', 'Qa5'], ['Qxh6', 'Qe1+'], ['Kh2', 'Qg3+'], ['Kg1', '']]",1/2-1/2
London m2,London,1851.??.??,12,"Horwitz, Bernhard","Bird, Henry Edward",,,B32,"[['e4', 'c5'], ['d4', 'cxd4'], ['Nf3', 'Nc6'], ['Nxd4', 'e5'], ['Nxc6', 'bxc6'], ['Bc4', 'Ba6'], ['Bxa6', 'Qa5+'], ['Bd2', 'Qxa6\n'], ['Bc3', 'f6'], ['b3', 'Nh6'], ['a4', 'Rd8'], ['Nd2', 'Bc5'], ['Qf3', 'O-O'], ['O-O-O', 'd5'], ['Bb2', 'Nf7\n'], ['h4', 'Bd4'], ['Ba3', 'Rfe8'], ['g4', 'Qb6'], ['Rh2', 'Bc5'], ['Bb2', 'Nd6'], ['Re1', 'Bd4'], ['c3', 'dxe4\n'], ['Nxe4', 'Qxb3'], ['Nd2', 'Qxa4'], ['cxd4', 'exd4'], ['Rxe8+', 'Rxe8'], ['Qb3+', 'Qxb3'], ['Nxb3', 'c5\n'], ['f3', 'd3'], ['Ba3', 'Nc4'], ['Kd1', 'Nxa3'], ['Nxc5', 'Re3'], ['Rd2', 'Nc4'], ['Rf2', 'd2'], ['Ne4', 'Re1+']]",0-1
London m2,London,1851.??.??,13,"Bird, Henry Edward","Horwitz, Bernhard",,,C62,"[['e4', 'e5'], ['Nf3', 'd6'], ['d4', 'exd4'], ['Qxd4', 'Nc6'], ['Bb5', 'Bd7'], ['Bxc6', 'Bxc6'], ['O-O', 'Nf6'], ['Nc3', 'Be7\n'], ['Nd5', 'Bxd5'], ['exd5', 'O-O'], ['Bg5', 'Qd7'], ['Rfe1', 'h6'], ['Bh4', 'Rfe8'], ['Qd2', 'Qb5'], ['Qd4', 'Qd7\n'], ['c4', 'a5'], ['Re2', 'g5'], ['Bg3', 'Nh5'], ['Rae1', 'Bf6'], ['Qd1', 'Rxe2'], ['Qxe2', 'Ng7'], ['Qc2', 'b6\n'], ['Nd2', 'Nf5'], ['Ne4', 'Bg7'], ['Rd1', 'Nd4'], ['Qd2', 'f5'], ['Nxg5', 'hxg5'], ['Qxg5', 'Ne2+'], ['Kf1', 'Nxg3+\n'], ['Qxg3', 'Re8'], ['h4', 'Re4'], ['h5', 'Rxc4'], ['f4', 'Qa4'], ['b3', 'Rxf4+'], ['Kg1', 'Rg4'], ['Qh3', 'Qf4\n'], ['Re1', 'Bd4+'], ['Kh1', 'Rh4']]",0-1
London m2,London,1851.??.??,14,"Horwitz, Bernhard","Bird, Henry Edward",,,C39,"[['e4', 'e5'], ['f4', 'exf4'], ['Nf3', 'g5'], ['h4', 'g4'], ['Ne5', 'h5'], ['Bc4', 'Nh6'], ['d4', 'd6'], ['Nd3', 'f3'], ['gxf3', 'Be7\n'], ['Bf4', 'Bxh4+'], ['Kd2', 'gxf3'], ['Qxf3', 'Bg4'], ['Qe3', 'Be7'], ['Nc3', 'Nc6'], ['Rag1', 'Bf8'], ['Nd5', 'Bg7\n'], ['c3', 'Ne7'], ['Bg5', 'Nhg8'], ['Rf1', 'Be6'], ['N3f4', 'Bxd5'], ['Nxd5', 'f6'], ['Nxf6+', 'Nxf6'], ['Bxf6', 'Bxf6\n'], ['Rxf6', 'Qd7'], ['Qg5', 'd5'], ['exd5', 'O-O-O'], ['d6', 'Rdg8'], ['Bxg8', 'Rxg8'], ['Qxg8+', 'Nxg8\n'], ['Rf8+', 'Qd8'], ['Rxd8+', 'Kxd8'], ['dxc7+', 'Kxc7'], ['Rxh5', 'Nf6'], ['Rf5', 'Ne4+'], ['Ke3', 'Nd6\n'], ['Kf4', '']]",1-0
Manchester m,Manchester,1860.??.??,1,"Horwitz, Bernhard","Kolisch, Ignatz",,,C31,"[['e4', 'e5'], ['f4', 'd5'], ['exd5', 'e4'], ['Bb5+', 'c6'], ['dxc6', 'bxc6'], ['Bc4', 'Nf6'], ['d4', 'Bd6'], ['Ne2', 'O-O\n'], ['O-O', 'Bg4'], ['Nbc3', 'Nbd7'], ['h3', 'Bxe2'], ['Nxe2', 'Nb6'], ['Bb3', 'c5'], ['dxc5', 'Bxc5+'], ['Kh2', 'Ng4+\n'], ['Kg3', 'Bf2+'], ['Rxf2', 'Qxd1'], ['hxg4', 'e3'], ['Rf3', 'Qe1+'], ['Kh3', 'Qxe2'], ['Bxe3', 'Rfe8\n'], ['Bd4', 'Rad8'], ['Bc3', 'Nd5'], ['Re1', 'Nxc3'], ['Rxe2', 'Nxe2'], ['Rf2', 'Rd1'], ['g5', 'Re3+'], ['Kh2', 'Ng3\n'], ['Rf3', 'Rxf3'], ['gxf3', 'Ne2'], ['f5', 'Nd4'], ['Bc4', 'Nxf3+'], ['Kg3', 'Nxg5'], ['b4', 'Ne4+']]",0-1
Manchester m,Manchester,1860.??.??,2,"Kolisch, Ignatz","Horwitz, Bernhard",,,C66,"[['e4', 'e5'], ['Nf3', 'Nc6'], ['Bb5', 'Nf6'], ['O-O', 'Be7'], ['Nc3', 'd6'], ['d4', 'exd4'], ['Nxd4', 'Bd7'], ['f4', 'Nxd4\n'], ['Bxd7+', 'Qxd7'], ['Qxd4', 'O-O'], ['f5', 'b6'], ['Qd3', 'Ng4'], ['Bf4', 'f6'], ['Rad1', 'Ne5'], ['Bxe5', 'fxe5\n'], ['Qd5+', 'Kh8'], ['Qxe5', 'Bf6'], ['Qg3', 'Rae8'], ['Rfe1', 'Qc6'], ['Qd3', 'Bxc3'], ['bxc3', 'Re5'], ['Re3', 'Rfe8\n'], ['Rde1', 'Qa4'], ['g4', 'Qxa2'], ['g5', 'Qf7'], ['Rh3', 'g6'], ['Rh6', 'Rxf5'], ['Qg3', 'Rfe5'], ['Qh4', 'Rf8\n'], ['h3', 'Rxg5+']]",0-1
Manchester m,Manchester,1860.??.??,3,"Horwitz, Bernhard","Kolisch, Ignatz",,,C42,"[['e4', 'e5'], ['Nf3', 'Nf6'], ['Nxe5', 'd6'], ['Nf3', 'Nxe4'], ['c3', 'd5'], ['Be2', 'Bd6'], ['d3', 'Nf6'], ['Bg5', 'Be6\n'], ['Na3', 'c6'], ['Nc2', 'Nbd7'], ['O-O', 'Qc7'], ['Bh4', 'O-O-O'], ['Ncd4', 'Rde8'], ['b4', 'Ng4'], ['h3', 'Nge5\n'], ['Nxe6', 'fxe6'], ['Bg5', 'h5'], ['Nxe5', 'Bxe5'], ['Bxh5', 'g6'], ['Bxg6', 'Reg8'], ['Bf7', 'Rxg5'], ['Bxe6', 'Bxc3\n'], ['Rc1', 'Bd4'], ['Qf3', 'Qd6'], ['Qf7', 'Rf8'], ['Qxd7+', 'Qxd7'], ['Bxd7+', 'Kxd7'], ['Rc2', 'Rf3'], ['Kh2', 'Be5+\n'], ['g3', 'Bxg3+'], ['Kg2', 'Rgf5'], ['fxg3', 'Rxf1']]",0-1
Manchester m,Manchester,1860.??.??,4,"Kolisch, Ignatz","Horwitz, Bernhard",,,C66,"[['e4', 'e5'], ['Nf3', 'Nc6'], ['Bb5', 'Nf6'], ['O-O', 'd6'], ['d4', 'exd4'], ['e5', 'dxe5'], ['Nxe5', 'Bd7'], ['Bxc6', 'Bxc6\n'], ['Nxc6', 'bxc6'], ['Re1+', 'Be7'], ['Qe2', 'Nd5'], ['c4', 'Nb4'], ['a3', 'Na6'], ['b4', 'Qd7'], ['Nd2', 'O-O\n'], ['Qxe7', 'Rae8'], ['Qxd7', 'Rxe1+'], ['Nf1', '']]",1-0
BCA-Congress 4th,Bristol,1861.??.??,?,"Boden, Samuel Standige","Horwitz, Bernhard",,,C44,"[['e4', 'e5'], ['Nf3', 'Nc6'], ['d4', 'exd4'], ['Bc4', 'Bc5'], ['O-O', 'd6'], ['c3', 'dxc3'], ['Qb3', 'Qe7'], ['Nxc3', 'Nf6\n'], ['Bg5', 'O-O'], ['Nd5', 'Qd8'], ['Nxf6+', 'gxf6'], ['Bh6', 'Na5'], ['Qc3', 'Nxc4'], ['Bxf8', 'Qxf8'], ['Qxc4', 'Qg7\n'], ['Qd3', 'Be6'], ['Nh4', 'Kh8'], ['Nf5', 'Qg5'], ['Qg3', 'Rg8'], ['Qxg5', 'Rxg5'], ['Ng3', 'h5'], ['Kh1', 'Bc4\n'], ['Rfc1', 'Ba6'], ['f4', 'Rg6'], ['Nxh5', 'Bd3'], ['Ng3', 'Bf2'], ['f5', 'Rh6'], ['Rc3', 'Bxg3'], ['Rxd3', 'Rxh2+\n'], ['Kg1', 'Be5'], ['Rc1', 'c6'], ['Rc2', 'Kg7'], ['Rh3', 'Rxh3'], ['gxh3', 'Kh6'], ['Rg2', 'b5'], ['b3', 'a5\n'], ['Kf2', 'Kh5'], ['Rg7', 'c5'], ['Rxf7', 'c4'], ['bxc4', 'bxc4'], ['Kf3', 'c3'], ['Rh7+', 'Kg5'], ['h4+', '']]",1-0
Manchester,Manchester,1861.??.??,1,"Horwitz, Bernhard","Pindar, Edward",,,C00,"[['e4', 'e6'], ['f4', 'd5'], ['e5', 'c5'], ['Nf3', 'Nc6'], ['b3', 'Nh6'], ['c3', 'f6'], ['Na3', 'Qb6'], ['Bb5', 'Bd7'], ['Qe2', 'Be7\n'], ['Bxc6', 'bxc6'], ['Nc2', 'Nf7'], ['d3', 'O-O'], ['O-O', 'c4+'], ['Be3', 'cxd3'], ['Qxd3', 'Qc7'], ['Rfe1', 'fxe5\n'], ['fxe5', 'Nxe5'], ['Nxe5', 'Qxe5'], ['Bxa7', 'Qc7'], ['Bf2', 'Rxf2'], ['Kxf2', 'Qxh2'], ['Rg1', 'e5\n'], ['Ne3', 'e4'], ['Qd4', 'Bg5'], ['Ke2', 'Qh5+'], ['Kd2', 'Be6'], ['a4', 'Rd8'], ['Qc5', 'Qe8'], ['b4', 'Bf6\n'], ['Nc2', 'Bg5+'], ['Ke1', 'Bg4'], ['Ne3', 'Bxe3'], ['Qxe3', 'Qe5'], ['Rf1', 'h5'], ['Rf4', 'g5'], ['Rf2', 'd4\n'], ['cxd4', 'Rxd4'], ['Rb1', 'Qd5'], ['Rd2', 'Rd3'], ['Rxd3', 'exd3'], ['Rb2', 'Be2'], ['g3', 'Qh1+'], ['Kd2', 'Qd5\n'], ['a5', 'Bf1'], ['Kc3', 'd2'], ['Qe8+', 'Kg7'], ['Qe7+', 'Kg6'], ['Rxd2', 'Qc4+'], ['Kb2', '']]",1-0
Manchester,Manchester,1861.??.??,1,"Horwitz, Bernhard","Stanley, Charles Henry",,,C00,"[['e4', 'e6'], ['f4', 'd5'], ['e5', 'c5'], ['Nf3', 'd4'], ['c3', 'd3'], ['Qa4+', 'Bd7'], ['Qc4', 'a6'], ['Qxd3', 'Ne7'], ['Qc2', 'Nbc6\n'], ['Be2', 'Nd5'], ['d3', 'Be7'], ['O-O', 'Rc8'], ['a3', 'O-O'], ['c4', 'Nb6'], ['Nc3', 'f6'], ['exf6', 'Bxf6\n'], ['Ne4', 'Bd4+'], ['Nxd4', 'Nxd4'], ['Qd1', 'Ba4'], ['b3', 'Nxb3'], ['Rb1', 'Nd4'], ['Qd2', 'Bc2'], ['Rb2', 'Nxe2+\n'], ['Qxe2', 'Bxd3'], ['Qg4', 'Bxf1'], ['Qxe6+', 'Kh8'], ['Ng5', 'Bxc4'], ['Qe4', 'Qxg5'], ['Rxb6', 'Qd5\n'], ['Qc2', 'Rce8'], ['Qd2', 'Rxf4'], ['Qxf4', 'Re1+'], ['Kf2', 'Rf1+'], ['Kg3', 'Rxf4'], ['Bxf4', 'Qd3+\n'], ['Kg4', 'h5+'], ['Kxh5', 'Qf5+'], ['Bg5', 'Be2+']]",0-1
Manchester,Manchester,1861.??.??,2,"Pindar, Edward","Horwitz, Bernhard",,,C30,"[['e4', 'e5'], ['Nc3', 'Nf6'], ['f4', 'd6'], ['Nf3', 'Bg4'], ['d4', 'exd4'], ['Qxd4', 'Nc6'], ['Bb5', 'Bd7'], ['Bxc6', 'Bxc6\n'], ['O-O', 'Be7'], ['Nd5', 'O-O'], ['c4', 'b6'], ['a4', 'a5'], ['Ra3', 'Qd7'], ['Nxe7+', 'Qxe7'], ['e5', 'dxe5\n'], ['Nxe5', 'Bb7'], ['Rh3', 'Rad8'], ['Qc3', 'Ne4'], ['Qc2', 'f5'], ['Be3', 'Ng5'], ['Rg3', 'Be4'], ['Qf2', 'Ne6\n'], ['h4', 'g6'], ['h5', 'g5'], ['Qe2', 'g4'], ['Nxg4', 'fxg4'], ['Qxg4+', 'Kh8'], ['f5', 'Nc5'], ['Bg5', 'Qd7\n'], ['Bxd8', 'Rxd8'], ['Qf4', 'Qd4+'], ['Kh2', 'Qd6'], ['f6', 'Qxf4'], ['Rxf4', 'Rf8'], ['Rg7', 'Rxf6'], ['Rfg4', 'Rf8\n'], ['Rxc7', 'Bc2'], ['Rg3', 'Nxa4'], ['b3', 'Nc5'], ['Rc6', 'Rb8'], ['Rc3', 'Nxb3'], ['c5', 'bxc5'], ['Rxc2', 'Nd4\n'], ['R2xc5', 'Nxc6'], ['Rxc6', 'Ra8'], ['Rc1', 'a4'], ['Rb1', 'Kg7'], ['Kg3', 'Kf6'], ['Kf4', 'Ra5'], ['g3', 'h6\n'], ['g4', 'Ke6'], ['Ke4', 'Kd6'], ['Kf4', 'Kc5'], ['g5', 'hxg5+'], ['Kg4', 'Kc4'], ['Ra1', 'a3'], ['h6', '']]",1/2-1/2
Manchester,Manchester,1861.??.??,2,"Stanley, Charles Henry","Horwitz, Bernhard",,,C65,"[['e4', 'e5'], ['Nf3', 'Nc6'], ['Bb5', 'Nf6'], ['Qe2', 'Be7'], ['Bxc6', 'dxc6'], ['Nxe5', 'Qd4'], ['Nd3', 'Qxe4'], ['Qxe4', 'Nxe4\n'], ['O-O', 'Nc5'], ['Ne1', 'O-O'], ['b4', 'Na4'], ['c3', 'Bf6'], ['Na3', 'Bf5'], ['Nec2', 'Bg6'], ['f4', 'Rae8\n'], ['Ne3', 'Rxe3'], ['dxe3', 'Bxc3'], ['f5', 'Bxa1'], ['fxg6', 'hxg6'], ['e4', 'Re8']]",0-1
Manchester,Manchester,1861.??.??,3,"Horwitz, Bernhard","Stanley, Charles Henry",,,C33,"[['e4', 'e5'], ['f4', 'exf4'], ['Bc4', 'd5'], ['Bxd5', 'Nf6'], ['Nc3', 'Bb4'], ['Qe2', 'O-O'], ['Bb3', 'Bxc3'], ['dxc3', 'Nxe4\n'], ['Bxf4', 'Re8'], ['Rd1', 'Nd6'], ['Be3', 'Qe7'], ['Kd2', 'Bg4'], ['Nf3', 'a5'], ['a4', 'Nc6'], ['Rhe1', 'Nf5\n'], ['Bd4', 'Qd7'], ['Qd3', 'Bxf3'], ['gxf3', 'Nfxd4'], ['cxd4', 'Qxd4'], ['Rxe8+', 'Rxe8'], ['Kc1', 'Qf4+\n'], ['Kb1', 'h6'], ['Qb5', 'Qxf3'], ['Rf1', '']]",1-0
Manchester,Manchester,1861.??.??,3,"Horwitz, Bernhard","Pindar, Edward",,,C58,"[['e4', 'e5'], ['Nf3', 'Nc6'], ['Bc4', 'Nf6'], ['Ng5', 'd5'], ['exd5', 'Na5'], ['Bb5+', 'c6'], ['dxc6', 'bxc6'], ['Ba4', 'h6\n'], ['Nf3', 'e4'], ['Qe2', 'Bd6'], ['Nd4', 'Qb6'], ['c3', 'O-O'], ['b4', 'Bxb4'], ['cxb4', 'Qxd4'], ['Nc3', 'Qxb4\n'], ['Rb1', 'Qd6'], ['O-O', 'Be6'], ['Nxe4', 'Nxe4'], ['Qxe4', 'Bc4'], ['Re1', 'Bd3'], ['Qb4', 'Rae8'], ['Ba3', 'Bxb1\n'], ['Rxb1', 'Rb8']]",0-1
Manchester,Manchester,1861.??.??,4,"Stanley, Charles Henry","Horwitz, Bernhard",,,C29,"[['e4', 'e5'], ['Nc3', 'Nf6'], ['f4', 'exf4'], ['d4', 'Bb4'], ['Bd3', 'd5'], ['e5', 'Bg4'], ['Nf3', 'Ne4'], ['Bd2', 'Nxd2\n'], ['Qxd2', 'Bxf3'], ['gxf3', 'Qh4+'], ['Ke2', 'c5'], ['a3', 'Bxc3'], ['Bb5+', 'Nd7'], ['Bxd7+', 'Kxd7'], ['bxc3', 'c4\n'], ['Rag1', 'g5'], ['Rg4', 'Qh5'], ['h4', 'h6'], ['hxg5', 'Qxh1'], ['Qxf4', 'Raf8'], ['Qf5+', 'Kc7'], ['Qf4', 'hxg5\n'], ['Qxg5', 'Rh2+'], ['Ke3', 'Qc1+']]",0-1
Manchester,Manchester,1861.??.??,4,"Pindar, Edward","Horwitz, Bernhard",,,C30,"[['e4', 'e5'], ['Nc3', 'Nf6'], ['f4', 'd6'], ['Nf3', 'Bg4'], ['Be2', 'exf4'], ['d4', 'Nh5'], ['O-O', 'g5'], ['Nh4', 'Bxe2\n'], ['Qxe2', 'Ng7'], ['Nf5', 'c6'], ['g3', 'fxg3'], ['e5', 'gxh2+'], ['Kh1', 'Ne6'], ['Qh5', 'Be7'], ['Nxd6+', 'Kd7\n'], ['Rxf7', 'Rf8'], ['Bxg5', 'Rxf7'], ['Nxf7', 'Qg8'], ['Bxe7', 'Kxe7'], ['Rf1', 'Na6'], ['d5', 'Nf4'], ['Qh4+', 'Kxf7\n'], ['Qxf4+', 'Ke8'], ['Ne4', 'Kd8'], ['e6', '']]",1-0
